com.samsung.shealth.tracker.pedometer_day_summary,6212007,5
step_count,binning_data,active_time,recommendation,run_step_count,update_time,source_package_name,create_time,source_info,speed,distance,calorie,walk_step_count,deviceuuid,pkg_name,healthy_step,achievement,datauuid,day_time
1927,05861087-234d-4646-be30-5946caca3220.binning_data.json,1105625,6000,47,2022-04-05 22:00:01.328,com.sec.android.app.shealth,2022-04-05 22:00:01.328,,1.3485849,1491.03,80.95999,1880,3JD7PDJoKB,com.sec.android.app.shealth,0,05861087-234d-4646-be30-5946caca3220.achievement.json,05861087-234d-4646-be30-5946caca3220,1649116800000,
1927,599db65a-270f-4821-90e0-9bd8e471bb80.binning_data.json,1105625,6000,47,2022-04-05 21:55:15.727,com.sec.android.app.shealth,2022-04-05 09:16:32.807,599db65a-270f-4821-90e0-9bd8e471bb80.source_info.json,1.3485849,1491.03,80.95999,1880,VfS0qUERdZ,com.sec.android.app.shealth,0,599db65a-270f-4821-90e0-9bd8e471bb80.achievement.json,599db65a-270f-4821-90e0-9bd8e471bb80,1649116800000,
16935,c3ca67a6-fd70-41bd-830c-2b4b28b03847.binning_data.json,9008566,6000,1153,2022-04-07 05:45:02.401,com.sec.android.app.shealth,2022-04-06 05:46:08.770,c3ca67a6-fd70-41bd-830c-2b4b28b03847.source_info.json,1.5194901,13688.429,756.98004,15782,VfS0qUERdZ,com.sec.android.app.shealth,0,c3ca67a6-fd70-41bd-830c-2b4b28b03847.achievement.json,c3ca67a6-fd70-41bd-830c-2b4b28b03847,1649203200000,
16680,459711ff-ce54-43be-99ad-ab53092715ce.binning_data.json,8877984,6000,1155,2022-04-06 22:00:02.028,com.sec.android.app.shealth,2022-04-06 22:00:02.028,,1.5208892,13502.43,747.6099,15525,3JD7PDJoKB,com.sec.android.app.shealth,0,459711ff-ce54-43be-99ad-ab53092715ce.achievement.json,459711ff-ce54-43be-99ad-ab53092715ce,1649203200000,
8171,80da7068-9f9d-478d-b421-d397be3264ec.binning_data.json,4257959,6000,1006,2022-04-08 22:15:45.028,com.sec.android.app.shealth,2022-04-08 22:00:01.561,,1.5940946,6787.59,391.55,7165,3JD7PDJoKB,com.sec.android.app.shealth,0,80da7068-9f9d-478d-b421-d397be3264ec.achievement.json,80da7068-9f9d-478d-b421-d397be3264ec,1649376000000,
7889,db021bda-5c02-48f2-aa2f-d302fa96afe9.binning_data.json,4424357,6000,0,2022-04-08 22:00:02.574,com.sec.android.app.shealth,2022-04-07 22:00:07.303,,1.3615761,6024.1,325.82028,7889,SumqgnI0Fz,com.sec.android.app.shealth,0,db021bda-5c02-48f2-aa2f-d302fa96afe9.achievement.json,db021bda-5c02-48f2-aa2f-d302fa96afe9,1649289600000,
2389,53d04109-4c56-43c9-bcf0-e91225377f00.binning_data.json,1324838,6000,24,2022-04-07 22:00:06.313,com.sec.android.app.shealth,2022-04-06 22:00:04.218,,1.3872099,1837.8293,97.1002,2365,SumqgnI0Fz,com.sec.android.app.shealth,0,53d04109-4c56-43c9-bcf0-e91225377f00.achievement.json,53d04109-4c56-43c9-bcf0-e91225377f00,1649203200000,
6665,df35b38c-4bba-44cd-b576-406b4ae3578c.binning_data.json,3791679,6000,16,2022-04-07 22:00:03.759,com.sec.android.app.shealth,2022-04-07 22:00:03.759,,1.3512614,5123.55,273.15,6649,3JD7PDJoKB,com.sec.android.app.shealth,0,df35b38c-4bba-44cd-b576-406b4ae3578c.achievement.json,df35b38c-4bba-44cd-b576-406b4ae3578c,1649289600000,
8340,1d42552f-2e9a-479f-89e4-12d36d87cbf9.binning_data.json,5075241,6000,8,2022-04-10 22:00:12.090,com.sec.android.app.shealth,2022-04-10 22:00:12.090,,1.2378091,6282.18,336.51,8332,3JD7PDJoKB,com.sec.android.app.shealth,0,1d42552f-2e9a-479f-89e4-12d36d87cbf9.achievement.json,1d42552f-2e9a-479f-89e4-12d36d87cbf9,1649548800000,
5804,31f3eb5b-c9e1-4b2d-a0d4-78aab4fb608d.binning_data.json,3265630,6000,3,2022-04-09 22:49:20.908,com.sec.android.app.shealth,2022-04-09 22:49:20.908,,1.3581649,4435.2646,238.96901,5801,SumqgnI0Fz,com.sec.android.app.shealth,0,31f3eb5b-c9e1-4b2d-a0d4-78aab4fb608d.achievement.json,31f3eb5b-c9e1-4b2d-a0d4-78aab4fb608d,1649462400000,
3340,d1095369-0133-476b-a599-3cac57662015.binning_data.json,1924627,6000,0,2022-04-09 22:49:14.781,com.sec.android.app.shealth,2022-04-08 22:15:44.975,,1.3254514,2551.0,135.25,3340,3JD7PDJoKB,com.sec.android.app.shealth,0,d1095369-0133-476b-a599-3cac57662015.achievement.json,d1095369-0133-476b-a599-3cac57662015,1649462400000,
8466,81da09da-ed34-40c0-ad03-7c279e76e5ae.binning_data.json,4322474,6000,1116,2022-04-09 22:49:20.989,com.sec.android.app.shealth,2022-04-08 22:00:02.558,,1.5606151,6745.7183,390.0895,7350,SumqgnI0Fz,com.sec.android.app.shealth,0,81da09da-ed34-40c0-ad03-7c279e76e5ae.achievement.json,81da09da-ed34-40c0-ad03-7c279e76e5ae,1649376000000,
12111,e568ec8c-7fc6-4670-89b0-d44e0939d87b.binning_data.json,6361204,6000,1186,2022-04-12 22:00:05.135,com.sec.android.app.shealth,2022-04-11 22:00:06.537,,1.5018333,9553.47,546.4883,10925,SumqgnI0Fz,com.sec.android.app.shealth,0,e568ec8c-7fc6-4670-89b0-d44e0939d87b.achievement.json,e568ec8c-7fc6-4670-89b0-d44e0939d87b,1649635200000,
8990,6cb57b7a-d233-4a92-bccd-ccbc8bda98da.binning_data.json,5220622,6000,0,2022-04-12 22:00:03.113,com.sec.android.app.shealth,2022-04-12 22:00:03.113,,1.3155882,6868.19,365.94998,8990,3JD7PDJoKB,com.sec.android.app.shealth,0,6cb57b7a-d233-4a92-bccd-ccbc8bda98da.achievement.json,6cb57b7a-d233-4a92-bccd-ccbc8bda98da,1649721600000,
10236,5ed30479-745e-4d89-8419-24936be7770e.binning_data.json,5331412,6000,1133,2022-04-09 01:04:20.170,com.sec.android.app.shealth,2022-04-08 06:20:42.975,5ed30479-745e-4d89-8419-24936be7770e.source_info.json,1.5295333,8154.5737,465.58005,9103,VfS0qUERdZ,com.sec.android.app.shealth,0,5ed30479-745e-4d89-8419-24936be7770e.achievement.json,5ed30479-745e-4d89-8419-24936be7770e,1649376000000,
11696,ae7e5f43-7a90-483d-a9ff-d82553d936de.binning_data.json,6203684,6000,1266,2022-04-11 22:00:02.265,com.sec.android.app.shealth,2022-04-11 22:00:02.265,,1.5534801,9637.3,552.61,10430,3JD7PDJoKB,com.sec.android.app.shealth,0,ae7e5f43-7a90-483d-a9ff-d82553d936de.achievement.json,ae7e5f43-7a90-483d-a9ff-d82553d936de,1649635200000,
8871,c9284d10-974a-4d7e-b143-db6ac0d94a9e.binning_data.json,5181949,6000,6,2022-04-11 22:00:06.483,com.sec.android.app.shealth,2022-04-10 22:00:14.152,,1.2910677,6690.247,359.92023,8865,SumqgnI0Fz,com.sec.android.app.shealth,0,c9284d10-974a-4d7e-b143-db6ac0d94a9e.achievement.json,c9284d10-974a-4d7e-b143-db6ac0d94a9e,1649548800000,
8954,51e0de49-cdeb-49f0-b33b-f890c61e1a52.binning_data.json,5076548,6000,16,2022-04-08 05:50:59.227,com.sec.android.app.shealth,2022-04-07 05:45:01.666,51e0de49-cdeb-49f0-b33b-f890c61e1a52.source_info.json,1.3479526,6842.947,369.39014,8938,VfS0qUERdZ,com.sec.android.app.shealth,0,51e0de49-cdeb-49f0-b33b-f890c61e1a52.achievement.json,51e0de49-cdeb-49f0-b33b-f890c61e1a52,1649289600000,
16517,851f2eeb-50ef-404e-8b87-ed18a83b3c31.binning_data.json,8654280,6000,1313,2022-04-14 22:00:03.504,com.sec.android.app.shealth,2022-04-13 22:00:04.982,,1.5017388,12996.468,731.67487,15204,SumqgnI0Fz,com.sec.android.app.shealth,0,851f2eeb-50ef-404e-8b87-ed18a83b3c31.achievement.json,851f2eeb-50ef-404e-8b87-ed18a83b3c31,1649808000000,
15910,1f04b7cb-22e9-46e5-a9db-5f3551a4ebd6.binning_data.json,8425649,6000,1376,2022-04-13 22:00:02.519,com.sec.android.app.shealth,2022-04-13 22:00:02.519,,1.5480611,13043.42,732.89996,14534,3JD7PDJoKB,com.sec.android.app.shealth,0,1f04b7cb-22e9-46e5-a9db-5f3551a4ebd6.achievement.json,1f04b7cb-22e9-46e5-a9db-5f3551a4ebd6,1649808000000,
2466,2ba1ac2c-a540-427a-9243-62acab5bc456.binning_data.json,1450388,6000,0,2022-04-14 22:00:01.425,com.sec.android.app.shealth,2022-04-14 22:00:01.425,,1.2910128,1872.47,99.42,2466,3JD7PDJoKB,com.sec.android.app.shealth,0,2ba1ac2c-a540-427a-9243-62acab5bc456.achievement.json,2ba1ac2c-a540-427a-9243-62acab5bc456,1649894400000,
10578,82bb24e9-af61-44ea-90f7-e9f55ef97872.binning_data.json,5971848,6000,20,2022-04-13 22:00:04.970,com.sec.android.app.shealth,2022-04-12 22:00:05.147,,1.3506505,8065.8804,435.09213,10558,SumqgnI0Fz,com.sec.android.app.shealth,0,82bb24e9-af61-44ea-90f7-e9f55ef97872.achievement.json,82bb24e9-af61-44ea-90f7-e9f55ef97872,1649721600000,
9516,6b338dd0-b646-4495-95cb-59a759f16212.binning_data.json,5627006,6000,14,2022-04-10 22:12:31.888,com.sec.android.app.shealth,2022-04-09 23:15:01.223,6b338dd0-b646-4495-95cb-59a759f16212.source_info.json,1.2774822,7188.4004,386.31012,9502,VfS0qUERdZ,com.sec.android.app.shealth,0,6b338dd0-b646-4495-95cb-59a759f16212.achievement.json,6b338dd0-b646-4495-95cb-59a759f16212,1649548800000,
2615,15fc36fd-d262-430d-babd-527c3e5f5341.binning_data.json,1489436,6000,5,2022-04-15 22:00:02.985,com.sec.android.app.shealth,2022-04-14 22:00:03.452,,1.3324896,1984.6588,106.24149,2610,SumqgnI0Fz,com.sec.android.app.shealth,0,15fc36fd-d262-430d-babd-527c3e5f5341.achievement.json,15fc36fd-d262-430d-babd-527c3e5f5341,1649894400000,
6379,257cb836-416d-400e-abb3-515a246eba86.binning_data.json,3619747,6000,3,2022-04-09 20:03:00.033,com.sec.android.app.shealth,2022-04-08 22:06:52.104,257cb836-416d-400e-abb3-515a246eba86.source_info.json,1.3455398,4870.5137,259.97913,6376,VfS0qUERdZ,com.sec.android.app.shealth,0,257cb836-416d-400e-abb3-515a246eba86.achievement.json,257cb836-416d-400e-abb3-515a246eba86,1649462400000,
1379,9c4e1553-112b-4718-8741-3583dc5570e9.binning_data.json,827275,6000,0,2022-04-16 22:00:02.579,com.sec.android.app.shealth,2022-04-16 22:00:02.579,,1.2636303,1045.3699,56.689995,1379,3JD7PDJoKB,com.sec.android.app.shealth,0,9c4e1553-112b-4718-8741-3583dc5570e9.achievement.json,9c4e1553-112b-4718-8741-3583dc5570e9,1650067200000,
7260,dc14508c-e4ae-43d6-af48-a9fa3fe44aa5.binning_data.json,3644895,6000,1142,2022-04-16 22:00:09.384,com.sec.android.app.shealth,2022-04-15 22:00:03.019,,1.6026696,5841.563,349.27927,6118,SumqgnI0Fz,com.sec.android.app.shealth,0,dc14508c-e4ae-43d6-af48-a9fa3fe44aa5.achievement.json,dc14508c-e4ae-43d6-af48-a9fa3fe44aa5,1649980800000,
6635,ddbe5c96-2ace-4d4e-b673-0d893949adc2.binning_data.json,3474038,6000,596,2022-04-15 22:00:01.655,com.sec.android.app.shealth,2022-04-15 22:00:01.655,,1.574611,5470.26,306.28998,6039,3JD7PDJoKB,com.sec.android.app.shealth,0,ddbe5c96-2ace-4d4e-b673-0d893949adc2.achievement.json,ddbe5c96-2ace-4d4e-b673-0d893949adc2,1649980800000,
1080,11f26152-19ee-4473-a90a-3ade31a948c6.binning_data.json,604306,6000,7,2022-04-17 22:00:07.528,com.sec.android.app.shealth,2022-04-16 22:00:09.071,,1.3584827,820.9401,44.591747,1073,SumqgnI0Fz,com.sec.android.app.shealth,0,11f26152-19ee-4473-a90a-3ade31a948c6.achievement.json,11f26152-19ee-4473-a90a-3ade31a948c6,1650067200000,
10893,93588166-8909-44eb-980b-e2301640c82e.binning_data.json,6340914,6000,12,2022-04-18 22:00:03.200,com.sec.android.app.shealth,2022-04-18 22:00:03.200,,1.3104448,8309.42,444.38,10881,3JD7PDJoKB,com.sec.android.app.shealth,0,93588166-8909-44eb-980b-e2301640c82e.achievement.json,93588166-8909-44eb-980b-e2301640c82e,1650240000000,
11497,7cadbbfa-95a9-4125-8182-c3c532aa1d42.binning_data.json,6551131,6000,20,2022-04-12 23:13:51.203,com.sec.android.app.shealth,2022-04-12 05:46:15.724,7cadbbfa-95a9-4125-8182-c3c532aa1d42.source_info.json,1.3387096,8770.0625,472.01135,11477,VfS0qUERdZ,com.sec.android.app.shealth,0,7cadbbfa-95a9-4125-8182-c3c532aa1d42.achievement.json,7cadbbfa-95a9-4125-8182-c3c532aa1d42,1649721600000,
14103,4dc26fd3-f35b-4b16-bb07-11ce56581820.binning_data.json,7486951,6000,1291,2022-04-12 06:26:15.700,com.sec.android.app.shealth,2022-04-11 05:01:49.789,4dc26fd3-f35b-4b16-bb07-11ce56581820.source_info.json,1.533792,11483.426,655.78876,12812,VfS0qUERdZ,com.sec.android.app.shealth,0,4dc26fd3-f35b-4b16-bb07-11ce56581820.achievement.json,4dc26fd3-f35b-4b16-bb07-11ce56581820,1649635200000,
16866,1d018406-072b-4de9-ba89-4de4e378732c.binning_data.json,9164355,6000,1103,2022-04-20 22:00:01.058,com.sec.android.app.shealth,2022-04-20 22:00:01.058,,1.4829901,13590.649,756.99994,15763,3JD7PDJoKB,com.sec.android.app.shealth,0,1d018406-072b-4de9-ba89-4de4e378732c.achievement.json,1d018406-072b-4de9-ba89-4de4e378732c,1650412800000,
2559,dfb244fb-3635-47f9-b76e-b3e0c56fca3f.binning_data.json,1457310,6000,52,2022-04-18 22:00:04.329,com.sec.android.app.shealth,2022-04-17 22:00:07.492,,1.338048,1949.9517,109.08367,2507,SumqgnI0Fz,com.sec.android.app.shealth,0,dfb244fb-3635-47f9-b76e-b3e0c56fca3f.achievement.json,dfb244fb-3635-47f9-b76e-b3e0c56fca3f,1650153600000,
12551,50fa3d7b-19c2-4728-b463-c2a60189b3da.binning_data.json,7147819,6000,19,2022-04-18 22:00:04.373,com.sec.android.app.shealth,2022-04-18 22:00:04.373,,1.3355219,9546.069,517.57715,12532,SumqgnI0Fz,com.sec.android.app.shealth,0,50fa3d7b-19c2-4728-b463-c2a60189b3da.achievement.json,50fa3d7b-19c2-4728-b463-c2a60189b3da,1650240000000,
9623,30df4390-ed51-44f8-9272-08bf8017e92d.binning_data.json,5525688,6000,36,2022-04-23 22:00:02.025,com.sec.android.app.shealth,2022-04-22 22:07:12.644,,1.3347476,7375.4,391.68997,9587,3JD7PDJoKB,com.sec.android.app.shealth,0,30df4390-ed51-44f8-9272-08bf8017e92d.achievement.json,30df4390-ed51-44f8-9272-08bf8017e92d,1650672000000,
1778,dbe4876b-b3c1-4f11-b78a-01369825abec.binning_data.json,1096152,6000,1,2022-04-17 22:00:02.147,com.sec.android.app.shealth,2022-04-17 22:00:02.147,,1.2298564,1348.11,73.57,1777,3JD7PDJoKB,com.sec.android.app.shealth,0,dbe4876b-b3c1-4f11-b78a-01369825abec.achievement.json,dbe4876b-b3c1-4f11-b78a-01369825abec,1650153600000,
17640,8d2fa51e-1057-4b0d-996a-7af9c77aeaf4.binning_data.json,9518057,6000,1183,2022-04-21 22:00:03.966,com.sec.android.app.shealth,2022-04-20 22:00:05.508,,1.44505,13754.07,770.8213,16457,SumqgnI0Fz,com.sec.android.app.shealth,0,8d2fa51e-1057-4b0d-996a-7af9c77aeaf4.achievement.json,8d2fa51e-1057-4b0d-996a-7af9c77aeaf4,1650412800000,
18320,5ce55cc1-2a84-4f2c-94e3-3516d3821709.binning_data.json,9663284,6000,1480,2022-04-13 22:55:36.181,com.sec.android.app.shealth,2022-04-12 22:10:26.831,5ce55cc1-2a84-4f2c-94e3-3516d3821709.source_info.json,1.5245594,14732.251,830.6606,16840,VfS0qUERdZ,com.sec.android.app.shealth,0,5ce55cc1-2a84-4f2c-94e3-3516d3821709.achievement.json,5ce55cc1-2a84-4f2c-94e3-3516d3821709,1649808000000,
6503,1cbb6b61-8eca-46da-964a-52022c4047b3.binning_data.json,3557023,6000,0,2022-04-19 22:00:06.106,com.sec.android.app.shealth,2022-04-19 22:00:06.106,,1.4146981,5032.115,262.28558,6503,SumqgnI0Fz,com.sec.android.app.shealth,0,1cbb6b61-8eca-46da-964a-52022c4047b3.achievement.json,1cbb6b61-8eca-46da-964a-52022c4047b3,1650326400000,
2955,db20806f-c601-4962-a40e-cd53e7644e63.binning_data.json,1694800,6000,5,2022-04-14 23:23:50.641,com.sec.android.app.shealth,2022-04-13 22:55:02.397,db20806f-c601-4962-a40e-cd53e7644e63.source_info.json,1.3277637,2250.295,119.86073,2950,VfS0qUERdZ,com.sec.android.app.shealth,0,db20806f-c601-4962-a40e-cd53e7644e63.achievement.json,db20806f-c601-4962-a40e-cd53e7644e63,1649894400000,
3144,cd3fae23-34fe-4814-9efa-8e02d55f68f3.binning_data.json,1803007,6000,8,2022-04-22 22:07:13.803,com.sec.android.app.shealth,2022-04-21 22:00:03.840,,1.3278927,2394.2002,128.62006,3136,SumqgnI0Fz,com.sec.android.app.shealth,0,cd3fae23-34fe-4814-9efa-8e02d55f68f3.achievement.json,cd3fae23-34fe-4814-9efa-8e02d55f68f3,1650499200000,
6458,37ef4881-0ec0-47f3-afd8-e101c105e3e8.binning_data.json,3556739,6000,0,2022-04-19 22:00:03.279,com.sec.android.app.shealth,2022-04-19 22:00:03.279,,1.3996358,4978.1396,259.8,6458,3JD7PDJoKB,com.sec.android.app.shealth,0,37ef4881-0ec0-47f3-afd8-e101c105e3e8.achievement.json,37ef4881-0ec0-47f3-afd8-e101c105e3e8,1650326400000,
11268,af03a30f-0cc5-4177-87dc-a293fde34f29.binning_data.json,6144955,6000,1280,2022-04-22 22:07:12.677,com.sec.android.app.shealth,2022-04-22 22:07:12.677,,1.5388395,9456.1,550.29,9988,3JD7PDJoKB,com.sec.android.app.shealth,0,af03a30f-0cc5-4177-87dc-a293fde34f29.achievement.json,af03a30f-0cc5-4177-87dc-a293fde34f29,1650585600000,
15589,56bc8507-d25d-4692-b8c3-21a9469d6cb5.binning_data.json,9093420,6000,68,2022-04-24 22:00:42.257,com.sec.android.app.shealth,2022-04-24 22:00:42.257,,1.3127798,11937.66,634.98,15521,3JD7PDJoKB,com.sec.android.app.shealth,0,56bc8507-d25d-4692-b8c3-21a9469d6cb5.achievement.json,56bc8507-d25d-4692-b8c3-21a9469d6cb5,1650758400000,
8499,2422a257-5fa1-4363-b56a-2033c3fa13f9.binning_data.json,4350551,6000,1107,2022-04-16 08:04:07.475,com.sec.android.app.shealth,2022-04-15 06:06:20.271,2422a257-5fa1-4363-b56a-2033c3fa13f9.source_info.json,1.5739253,6847.4424,401.33395,7392,VfS0qUERdZ,com.sec.android.app.shealth,0,2422a257-5fa1-4363-b56a-2033c3fa13f9.achievement.json,2422a257-5fa1-4363-b56a-2033c3fa13f9,1649980800000,
1753,bbc43d5b-ed88-48f7-b587-4d2f5bd5ff0b.binning_data.json,1018222,6000,7,2022-04-16 23:30:29.618,com.sec.android.app.shealth,2022-04-16 07:36:52.105,bbc43d5b-ed88-48f7-b587-4d2f5bd5ff0b.source_info.json,1.3077612,1331.592,72.37151,1746,VfS0qUERdZ,com.sec.android.app.shealth,0,bbc43d5b-ed88-48f7-b587-4d2f5bd5ff0b.achievement.json,bbc43d5b-ed88-48f7-b587-4d2f5bd5ff0b,1650067200000,
3032,08cc4bcc-cbb8-4540-90fb-e3104a75a229.binning_data.json,1806185,6000,8,2022-04-21 22:00:02.214,com.sec.android.app.shealth,2022-04-21 22:00:02.214,,1.2776155,2307.6099,124.26999,3024,3JD7PDJoKB,com.sec.android.app.shealth,0,08cc4bcc-cbb8-4540-90fb-e3104a75a229.achievement.json,08cc4bcc-cbb8-4540-90fb-e3104a75a229,1650499200000,
11052,a4c2c101-31c1-467f-83e4-0bca66bb3f42.binning_data.json,6221556,6000,9,2022-04-24 22:00:47.664,com.sec.android.app.shealth,2022-04-23 22:00:10.415,,1.3549674,8430.005,454.10892,11043,SumqgnI0Fz,com.sec.android.app.shealth,0,a4c2c101-31c1-467f-83e4-0bca66bb3f42.achievement.json,a4c2c101-31c1-467f-83e4-0bca66bb3f42,1650672000000,
13334,9b608c71-a1ff-418b-82e2-593557d4fa07.binning_data.json,7876433,6000,30,2022-04-26 10:43:19.721,com.sec.android.app.shealth,2022-04-24 22:00:45.628,9b608c71-a1ff-418b-82e2-593557d4fa07.source_info.json,1.2827559,10103.541,547.1106,13304,VfS0qUERdZ,com.sec.android.app.shealth,0,9b608c71-a1ff-418b-82e2-593557d4fa07.achievement.json,9b608c71-a1ff-418b-82e2-593557d4fa07,1650844800000,
8699,b012b54e-9b4a-4d02-a241-18e858b93b3e.binning_data.json,4473738,6000,1105,2022-04-27 22:00:05.518,com.sec.android.app.shealth,2022-04-26 22:45:15.504,,1.5507058,6937.4517,404.06955,7594,SumqgnI0Fz,com.sec.android.app.shealth,0,b012b54e-9b4a-4d02-a241-18e858b93b3e.achievement.json,b012b54e-9b4a-4d02-a241-18e858b93b3e,1650931200000,
3063,5d2277f9-40f3-4313-888f-38d34df087b9.binning_data.json,1774844,6000,53,2022-04-17 22:27:05.426,com.sec.android.app.shealth,2022-04-16 23:02:36.119,5d2277f9-40f3-4313-888f-38d34df087b9.source_info.json,1.317346,2338.0845,130.43367,3010,VfS0qUERdZ,com.sec.android.app.shealth,0,5d2277f9-40f3-4313-888f-38d34df087b9.achievement.json,5d2277f9-40f3-4313-888f-38d34df087b9,1650153600000,
8917,150a872d-325a-4daf-8f30-9ad2c85458a3.binning_data.json,5304720,6000,9,2022-04-26 22:45:15.526,com.sec.android.app.shealth,2022-04-26 22:45:15.526,,1.2610583,6689.5615,367.1612,8908,SumqgnI0Fz,com.sec.android.app.shealth,0,150a872d-325a-4daf-8f30-9ad2c85458a3.achievement.json,150a872d-325a-4daf-8f30-9ad2c85458a3,1650844800000,
11813,45217ecf-e841-4f1a-8968-472158370d2d.binning_data.json,6450778,6000,1094,2022-04-22 22:07:13.804,com.sec.android.app.shealth,2022-04-22 22:07:13.804,,1.4279768,9211.5625,531.46857,10719,SumqgnI0Fz,com.sec.android.app.shealth,0,45217ecf-e841-4f1a-8968-472158370d2d.achievement.json,45217ecf-e841-4f1a-8968-472158370d2d,1650585600000,
14028,38861768-3502-49c0-86ea-53632ad1d192.binning_data.json,8070655,6000,19,2022-04-18 21:25:20.508,com.sec.android.app.shealth,2022-04-17 22:06:41.075,38861768-3502-49c0-86ea-53632ad1d192.source_info.json,1.3232472,10679.473,576.28534,14009,VfS0qUERdZ,com.sec.android.app.shealth,0,38861768-3502-49c0-86ea-53632ad1d192.achievement.json,38861768-3502-49c0-86ea-53632ad1d192,1650240000000,
10877,af640be2-af26-4532-b3f5-61a6542e5a57.binning_data.json,6214821,6000,1,2022-04-29 22:07:47.714,com.sec.android.app.shealth,2022-04-28 22:00:05.176,,1.3311768,8273.026,445.85156,10876,SumqgnI0Fz,com.sec.android.app.shealth,0,af640be2-af26-4532-b3f5-61a6542e5a57.achievement.json,af640be2-af26-4532-b3f5-61a6542e5a57,1651104000000,
11326,622dd21e-dc09-4368-9a0d-a7014f77d6f6.binning_data.json,6688397,6000,23,2022-04-25 22:00:01.410,com.sec.android.app.shealth,2022-04-24 22:00:48.403,,1.2894987,8624.68,459.89996,11303,3JD7PDJoKB,com.sec.android.app.shealth,0,622dd21e-dc09-4368-9a0d-a7014f77d6f6.achievement.json,622dd21e-dc09-4368-9a0d-a7014f77d6f6,1650844800000,
7109,2f5c4ea1-96d4-4766-b54c-386997bfe079.binning_data.json,3887307,6000,0,2022-04-19 21:31:59.033,com.sec.android.app.shealth,2022-04-19 00:28:13.018,2f5c4ea1-96d4-4766-b54c-386997bfe079.source_info.json,1.4117913,5488.068,287.10284,7109,VfS0qUERdZ,com.sec.android.app.shealth,0,2f5c4ea1-96d4-4766-b54c-386997bfe079.achievement.json,2f5c4ea1-96d4-4766-b54c-386997bfe079,1650326400000,
9331,376e13ce-7134-41cb-8e0a-da17d50286d4.binning_data.json,5442701,6000,0,2022-04-28 22:00:02.696,com.sec.android.app.shealth,2022-04-27 22:08:22.211,,1.3056053,7106.02,377.58,9331,3JD7PDJoKB,com.sec.android.app.shealth,0,376e13ce-7134-41cb-8e0a-da17d50286d4.achievement.json,376e13ce-7134-41cb-8e0a-da17d50286d4,1651104000000,
10033,52fcc8b8-9cf2-4d91-86ce-09bcb363fb32.binning_data.json,5209668,6000,1153,2022-04-27 08:13:05.862,com.sec.android.app.shealth,2022-04-26 07:55:01.955,52fcc8b8-9cf2-4d91-86ce-09bcb363fb32.source_info.json,1.5888153,8277.201,477.5897,8880,VfS0qUERdZ,com.sec.android.app.shealth,0,52fcc8b8-9cf2-4d91-86ce-09bcb363fb32.achievement.json,52fcc8b8-9cf2-4d91-86ce-09bcb363fb32,1650931200000,
10199,93f132e5-20b4-46c1-a342-0f4ff390175f.binning_data.json,5852594,6000,0,2022-04-27 22:08:22.225,com.sec.android.app.shealth,2022-04-27 22:00:01.904,,1.3328995,7800.92,412.37997,10199,3JD7PDJoKB,com.sec.android.app.shealth,0,93f132e5-20b4-46c1-a342-0f4ff390175f.achievement.json,93f132e5-20b4-46c1-a342-0f4ff390175f,1651017600000,
5765,6945d385-f917-4296-acbe-f5cda4e3f1c1.binning_data.json,3254957,6000,0,2022-05-01 22:09:53.314,com.sec.android.app.shealth,2022-04-30 22:00:07.612,,1.350236,4394.961,236.96103,5765,SumqgnI0Fz,com.sec.android.app.shealth,0,6945d385-f917-4296-acbe-f5cda4e3f1c1.achievement.json,6945d385-f917-4296-acbe-f5cda4e3f1c1,1651276800000,
20129,8f8ef74a-cc6a-4471-94d8-d134a38129f7.binning_data.json,10897664,6000,1204,2022-04-20 23:46:51.364,com.sec.android.app.shealth,2022-04-19 22:07:16.653,8f8ef74a-cc6a-4471-94d8-d134a38129f7.source_info.json,1.4565195,15872.66,885.04486,18925,VfS0qUERdZ,com.sec.android.app.shealth,0,8f8ef74a-cc6a-4471-94d8-d134a38129f7.achievement.json,8f8ef74a-cc6a-4471-94d8-d134a38129f7,1650412800000,
4815,a2cb9b08-e40f-4e63-a81e-f68802ee4234.binning_data.json,2813629,6000,6,2022-04-30 22:00:03.159,com.sec.android.app.shealth,2022-04-30 22:00:03.159,,1.3066219,3676.35,195.70999,4809,3JD7PDJoKB,com.sec.android.app.shealth,0,a2cb9b08-e40f-4e63-a81e-f68802ee4234.achievement.json,a2cb9b08-e40f-4e63-a81e-f68802ee4234,1651276800000,
9305,cbd212c7-c1a3-49d1-bd76-47745db9a98e.binning_data.json,4729831,6000,1072,2022-05-03 22:00:04.597,com.sec.android.app.shealth,2022-05-02 22:08:07.161,,1.5695143,7423.5376,418.77972,8233,SumqgnI0Fz,com.sec.android.app.shealth,0,cbd212c7-c1a3-49d1-bd76-47745db9a98e.achievement.json,cbd212c7-c1a3-49d1-bd76-47745db9a98e,1651449600000,
11751,a231cd13-3e6a-435a-b44e-2863178275a5.binning_data.json,6584029,6000,1,2022-04-28 22:00:05.144,com.sec.android.app.shealth,2022-04-27 22:00:05.617,,1.3654193,8989.96,479.43796,11750,SumqgnI0Fz,com.sec.android.app.shealth,0,a231cd13-3e6a-435a-b44e-2863178275a5.achievement.json,a231cd13-3e6a-435a-b44e-2863178275a5,1651017600000,
3733,8f598a0f-2d3d-470e-adf2-2b84ef389168.binning_data.json,2173969,6000,16,2022-04-21 22:00:14.655,com.sec.android.app.shealth,2022-04-20 23:13:08.544,8f598a0f-2d3d-470e-adf2-2b84ef389168.source_info.json,1.3098434,2847.5596,154.25002,3717,VfS0qUERdZ,com.sec.android.app.shealth,0,8f598a0f-2d3d-470e-adf2-2b84ef389168.achievement.json,8f598a0f-2d3d-470e-adf2-2b84ef389168,1650499200000,
8651,a3f0e0d0-3c2c-488d-963b-01f54d316e45.binning_data.json,4626777,6000,471,2022-04-29 22:07:46.048,com.sec.android.app.shealth,2022-04-29 22:07:46.048,,1.491286,6899.8496,373.32996,8180,3JD7PDJoKB,com.sec.android.app.shealth,0,a3f0e0d0-3c2c-488d-963b-01f54d316e45.achievement.json,a3f0e0d0-3c2c-488d-963b-01f54d316e45,1651190400000,
9458,9b37ba7c-8b09-447f-846d-db2720e881e4.binning_data.json,4852129,6000,1103,2022-05-02 22:08:02.238,com.sec.android.app.shealth,2022-05-02 22:08:02.238,,1.6342661,7929.67,451.13998,8355,3JD7PDJoKB,com.sec.android.app.shealth,0,9b37ba7c-8b09-447f-846d-db2720e881e4.achievement.json,9b37ba7c-8b09-447f-846d-db2720e881e4,1651449600000,
13721,b1f53247-01ef-4e32-ae9e-82afa182158d.binning_data.json,7440053,6000,1354,2022-04-22 21:55:07.997,com.sec.android.app.shealth,2022-04-22 08:24:29.579,b1f53247-01ef-4e32-ae9e-82afa182158d.source_info.json,1.5241727,11339.927,655.7897,12367,VfS0qUERdZ,com.sec.android.app.shealth,0,b1f53247-01ef-4e32-ae9e-82afa182158d.achievement.json,b1f53247-01ef-4e32-ae9e-82afa182158d,1650585600000,
9808,333f79c2-bb40-40d3-ba71-28239c95de9f.binning_data.json,5112369,6000,1060,2022-04-30 22:00:07.601,com.sec.android.app.shealth,2022-04-29 22:07:47.734,,1.5207193,7774.478,442.79425,8748,SumqgnI0Fz,com.sec.android.app.shealth,0,333f79c2-bb40-40d3-ba71-28239c95de9f.achievement.json,333f79c2-bb40-40d3-ba71-28239c95de9f,1651190400000,
7930,0f138c5a-8305-4694-9c10-20431f3e3331.binning_data.json,4305208,6000,18,2022-05-04 22:00:04.036,com.sec.android.app.shealth,2022-05-04 22:00:04.036,,1.4255582,6137.3267,322.47256,7912,SumqgnI0Fz,com.sec.android.app.shealth,0,0f138c5a-8305-4694-9c10-20431f3e3331.achievement.json,0f138c5a-8305-4694-9c10-20431f3e3331,1651622400000,
3821,88f29d5c-ae25-4356-9d3d-b25006382e95.binning_data.json,2125908,6000,0,2022-05-01 22:09:50.093,com.sec.android.app.shealth,2022-05-01 22:09:50.093,,1.3845701,2943.47,153.62999,3821,3JD7PDJoKB,com.sec.android.app.shealth,0,88f29d5c-ae25-4356-9d3d-b25006382e95.achievement.json,88f29d5c-ae25-4356-9d3d-b25006382e95,1651363200000,
12193,ac39887c-36c3-4c2b-a613-fe27a143e73a.binning_data.json,6919622,6000,37,2022-04-23 22:37:00.448,com.sec.android.app.shealth,2022-04-22 22:07:13.577,ac39887c-36c3-4c2b-a613-fe27a143e73a.source_info.json,1.3464906,9317.207,498.15973,12156,VfS0qUERdZ,com.sec.android.app.shealth,0,ac39887c-36c3-4c2b-a613-fe27a143e73a.achievement.json,ac39887c-36c3-4c2b-a613-fe27a143e73a,1650672000000,
14152,8abf4625-59d7-4add-bc5b-628c5608fdd4.binning_data.json,7300885,6000,1192,2022-05-07 22:01:25.925,com.sec.android.app.shealth,2022-05-06 22:00:08.433,,1.5338221,11198.26,624.8326,12960,SumqgnI0Fz,com.sec.android.app.shealth,0,8abf4625-59d7-4add-bc5b-628c5608fdd4.achievement.json,8abf4625-59d7-4add-bc5b-628c5608fdd4,1651795200000,
6677,976e620c-67cb-437c-9608-fc35adebc692.binning_data.json,3680157,6000,24,2022-05-04 22:00:02.130,com.sec.android.app.shealth,2022-05-04 22:00:02.130,,1.4047413,5169.669,270.69995,6653,3JD7PDJoKB,com.sec.android.app.shealth,0,976e620c-67cb-437c-9608-fc35adebc692.achievement.json,976e620c-67cb-437c-9608-fc35adebc692,1651622400000,
11527,59b0fe44-80b2-41ef-9f9f-19a8fa5f7360.binning_data.json,6472933,6000,64,2022-05-03 22:00:02.493,com.sec.android.app.shealth,2022-05-03 22:00:02.493,,1.3708775,8873.6,467.71997,11463,3JD7PDJoKB,com.sec.android.app.shealth,0,59b0fe44-80b2-41ef-9f9f-19a8fa5f7360.achievement.json,59b0fe44-80b2-41ef-9f9f-19a8fa5f7360,1651536000000,
17079,2d65a0e9-3153-4e55-b39b-aa133d3e0e66.binning_data.json,9761185,6000,76,2022-04-26 10:43:19.810,com.sec.android.app.shealth,2022-04-23 22:12:53.709,2d65a0e9-3153-4e55-b39b-aa133d3e0e66.source_info.json,1.3426372,13105.73,701.29346,17003,VfS0qUERdZ,com.sec.android.app.shealth,0,2d65a0e9-3153-4e55-b39b-aa133d3e0e66.achievement.json,2d65a0e9-3153-4e55-b39b-aa133d3e0e66,1650758400000,
7389,98fde3d7-835c-4ea3-9cb3-8899e12881ca.binning_data.json,4060919,6000,49,2022-05-02 22:08:07.151,com.sec.android.app.shealth,2022-05-01 22:09:53.349,,1.4018147,5692.656,301.70792,7340,SumqgnI0Fz,com.sec.android.app.shealth,0,98fde3d7-835c-4ea3-9cb3-8899e12881ca.achievement.json,98fde3d7-835c-4ea3-9cb3-8899e12881ca,1651363200000,
13342,b78f7284-badd-47ae-b700-f57f78ebbf38.binning_data.json,7466066,6000,8,2022-04-26 22:45:15.513,com.sec.android.app.shealth,2022-04-24 22:00:47.675,,1.3679538,10213.235,545.25635,13334,SumqgnI0Fz,com.sec.android.app.shealth,0,b78f7284-badd-47ae-b700-f57f78ebbf38.achievement.json,b78f7284-badd-47ae-b700-f57f78ebbf38,1650758400000,
10472,c68d79eb-7796-417b-98f1-90dfd21d8894.binning_data.json,5521132,6000,769,2022-05-06 22:00:06.469,com.sec.android.app.shealth,2022-05-06 22:00:06.469,,1.5350075,8474.9795,466.4,9703,3JD7PDJoKB,com.sec.android.app.shealth,0,c68d79eb-7796-417b-98f1-90dfd21d8894.achievement.json,c68d79eb-7796-417b-98f1-90dfd21d8894,1651795200000,
6765,e13fd969-2c49-4aa0-8897-fa8c2a9a82fe.binning_data.json,3813882,6000,61,2022-05-09 22:06:31.565,com.sec.android.app.shealth,2022-05-08 22:51:26.521,,1.3548399,5167.2,284.08823,6704,SumqgnI0Fz,com.sec.android.app.shealth,0,e13fd969-2c49-4aa0-8897-fa8c2a9a82fe.achievement.json,e13fd969-2c49-4aa0-8897-fa8c2a9a82fe,1651968000000,
7836,6cfd89df-cbdf-456e-b967-8bfb324c7cf2.binning_data.json,4053497,6000,1086,2022-04-26 22:45:08.475,com.sec.android.app.shealth,2022-04-26 22:45:08.475,,1.6218464,6574.15,382.21,6750,3JD7PDJoKB,com.sec.android.app.shealth,0,6cfd89df-cbdf-456e-b967-8bfb324c7cf2.achievement.json,6cfd89df-cbdf-456e-b967-8bfb324c7cf2,1650931200000,
6876,b1047b7a-66e5-4546-8837-424c9870160e.binning_data.json,3929297,6000,60,2022-05-05 22:00:01.481,com.sec.android.app.shealth,2022-05-05 22:00:01.481,,1.3462689,5289.89,282.06,6816,3JD7PDJoKB,com.sec.android.app.shealth,0,b1047b7a-66e5-4546-8837-424c9870160e.achievement.json,b1047b7a-66e5-4546-8837-424c9870160e,1651708800000,
14029,813fceb1-2dfe-41bf-821b-fef485fdb05b.binning_data.json,7366314,6000,1091,2022-05-10 22:00:07.452,com.sec.android.app.shealth,2022-05-10 22:00:07.452,,1.4978734,11033.806,625.0138,12938,SumqgnI0Fz,com.sec.android.app.shealth,0,813fceb1-2dfe-41bf-821b-fef485fdb05b.achievement.json,813fceb1-2dfe-41bf-821b-fef485fdb05b,1652140800000,
9403,3eb2d2ed-1329-42ea-98d5-3808cb8540ca.binning_data.json,5147682,6000,74,2022-05-04 22:00:04.094,com.sec.android.app.shealth,2022-05-03 22:00:04.615,,1.4077996,7246.905,383.82397,9329,SumqgnI0Fz,com.sec.android.app.shealth,0,3eb2d2ed-1329-42ea-98d5-3808cb8540ca.achievement.json,3eb2d2ed-1329-42ea-98d5-3808cb8540ca,1651536000000,
5298,c0ed5e44-a4c0-4ab8-97b7-e7c5bfc16ecd.binning_data.json,3204260,6000,4,2022-05-08 22:51:17.676,com.sec.android.app.shealth,2022-05-08 22:51:17.676,,1.251265,4009.3801,214.43,5294,3JD7PDJoKB,com.sec.android.app.shealth,0,c0ed5e44-a4c0-4ab8-97b7-e7c5bfc16ecd.achievement.json,c0ed5e44-a4c0-4ab8-97b7-e7c5bfc16ecd,1651968000000,
12858,513e5327-3ca2-4734-90af-54a373736279.binning_data.json,7272932,6000,1,2022-04-27 22:06:50.879,com.sec.android.app.shealth,2022-04-27 06:45:09.260,513e5327-3ca2-4734-90af-54a373736279.source_info.json,1.351442,9828.945,522.23926,12857,VfS0qUERdZ,com.sec.android.app.shealth,0,513e5327-3ca2-4734-90af-54a373736279.achievement.json,513e5327-3ca2-4734-90af-54a373736279,1651017600000,
11121,80f122db-8999-443a-a6a1-542f3c3f1840.binning_data.json,6352188,6000,0,2022-05-07 22:01:22.612,com.sec.android.app.shealth,2022-05-07 22:01:22.612,,1.3415077,8521.51,449.33,11121,3JD7PDJoKB,com.sec.android.app.shealth,0,80f122db-8999-443a-a6a1-542f3c3f1840.achievement.json,80f122db-8999-443a-a6a1-542f3c3f1840,1651881600000,
8850,d79c49a7-8686-4f6f-a913-c64f7b13cb33.binning_data.json,4948857,6000,83,2022-05-06 22:00:08.419,com.sec.android.app.shealth,2022-05-05 22:00:03.467,,1.3686185,6773.098,365.55655,8767,SumqgnI0Fz,com.sec.android.app.shealth,0,d79c49a7-8686-4f6f-a913-c64f7b13cb33.achievement.json,d79c49a7-8686-4f6f-a913-c64f7b13cb33,1651708800000,
11744,2b72f0e2-8ff4-466e-8708-f543608350c0.binning_data.json,6772273,6000,1,2022-04-29 00:38:06.750,com.sec.android.app.shealth,2022-04-27 22:06:50.594,2b72f0e2-8ff4-466e-8708-f543608350c0.source_info.json,1.3180755,8926.368,479.08157,11743,VfS0qUERdZ,com.sec.android.app.shealth,0,2b72f0e2-8ff4-466e-8708-f543608350c0.achievement.json,2b72f0e2-8ff4-466e-8708-f543608350c0,1651104000000,
9329,d42c5a6d-b92d-4b6d-9809-2dcf16668987.binning_data.json,5261738,6000,3,2022-05-10 22:00:07.352,com.sec.android.app.shealth,2022-05-09 22:06:31.615,,1.3521805,7114.821,389.42343,9326,SumqgnI0Fz,com.sec.android.app.shealth,0,d42c5a6d-b92d-4b6d-9809-2dcf16668987.achievement.json,d42c5a6d-b92d-4b6d-9809-2dcf16668987,1652054400000,
11982,a1747ab4-c1e8-49c2-96dd-58d0aacf7319.binning_data.json,6323394,6000,1100,2022-05-10 22:00:04.699,com.sec.android.app.shealth,2022-05-09 22:06:27.394,,1.577371,9974.339,566.6499,10882,3JD7PDJoKB,com.sec.android.app.shealth,0,a1747ab4-c1e8-49c2-96dd-58d0aacf7319.achievement.json,a1747ab4-c1e8-49c2-96dd-58d0aacf7319,1652140800000,
11235,76fa3c0f-b369-41fd-a2ec-a6ae300a8b93.binning_data.json,5897524,6000,1087,2022-04-30 00:41:53.771,com.sec.android.app.shealth,2022-04-28 22:08:30.445,76fa3c0f-b369-41fd-a2ec-a6ae300a8b93.source_info.json,1.5079814,8893.357,501.72067,10148,VfS0qUERdZ,com.sec.android.app.shealth,0,76fa3c0f-b369-41fd-a2ec-a6ae300a8b93.achievement.json,76fa3c0f-b369-41fd-a2ec-a6ae300a8b93,1651190400000,
14034,5cc6e986-e864-452b-a9e7-9bc1d13692e2.binning_data.json,7846328,6000,21,2022-05-08 22:51:26.650,com.sec.android.app.shealth,2022-05-07 22:01:26.043,,1.3699551,10749.118,574.7902,14013,SumqgnI0Fz,com.sec.android.app.shealth,0,5cc6e986-e864-452b-a9e7-9bc1d13692e2.achievement.json,5cc6e986-e864-452b-a9e7-9bc1d13692e2,1651881600000,
4975,2139a209-d224-437c-a59e-e2f26ba84438.binning_data.json,2822210,6000,16,2022-05-14 00:48:41.348,com.sec.android.app.shealth,2022-05-13 06:00:03.437,2139a209-d224-437c-a59e-e2f26ba84438.source_info.json,1.3473859,3802.6064,204.21187,4959,VfS0qUERdZ,com.sec.android.app.shealth,0,2139a209-d224-437c-a59e-e2f26ba84438.achievement.json,2139a209-d224-437c-a59e-e2f26ba84438,1652400000000,
431,cc01902c-e28e-4be9-ab66-790ed266324c.binning_data.json,259754,6000,4,2022-05-12 22:00:01.842,com.sec.android.app.shealth,2022-05-12 22:00:01.842,,1.2628869,328.04,18.33,427,3JD7PDJoKB,com.sec.android.app.shealth,0,cc01902c-e28e-4be9-ab66-790ed266324c.achievement.json,cc01902c-e28e-4be9-ab66-790ed266324c,1652313600000,
7740,2d659604-aadb-42e1-b5e2-992d96bc55eb.binning_data.json,4511268,6000,0,2022-05-09 22:06:27.651,com.sec.android.app.shealth,2022-05-09 22:06:27.651,,1.3074127,5898.09,315.74,7740,3JD7PDJoKB,com.sec.android.app.shealth,0,2d659604-aadb-42e1-b5e2-992d96bc55eb.achievement.json,2d659604-aadb-42e1-b5e2-992d96bc55eb,1652054400000,
573,d07d799f-eed9-442e-a7cb-a85bc852d76d.binning_data.json,355226,6000,0,2022-05-15 19:50:22.259,com.sec.android.app.shealth,2022-05-14 22:36:13.012,d07d799f-eed9-442e-a7cb-a85bc852d76d.source_info.json,1.2191923,433.09,24.16,573,VfS0qUERdZ,com.sec.android.app.shealth,0,d07d799f-eed9-442e-a7cb-a85bc852d76d.achievement.json,d07d799f-eed9-442e-a7cb-a85bc852d76d,1652572800000,
2528,93ea60db-7547-4910-9704-18dde497e873.binning_data.json,1424030,6000,0,2022-05-11 22:00:01.983,com.sec.android.app.shealth,2022-05-11 22:00:01.983,,1.3621544,1939.75,102.979996,2528,3JD7PDJoKB,com.sec.android.app.shealth,0,93ea60db-7547-4910-9704-18dde497e873.achievement.json,93ea60db-7547-4910-9704-18dde497e873,1652227200000,
7659,b5474201-1e39-4102-b4f9-004bb3df1a7d.binning_data.json,4233742,6000,43,2022-05-02 15:53:37.059,com.sec.android.app.shealth,2022-04-30 22:18:34.073,b5474201-1e39-4102-b4f9-004bb3df1a7d.source_info.json,1.3900894,5885.281,312.0734,7616,VfS0qUERdZ,com.sec.android.app.shealth,0,b5474201-1e39-4102-b4f9-004bb3df1a7d.achievement.json,b5474201-1e39-4102-b4f9-004bb3df1a7d,1651363200000,
6661,389834b8-29ec-44e1-b37b-34a23cd292ee.binning_data.json,3809193,6000,6,2022-05-01 00:18:18.834,com.sec.android.app.shealth,2022-04-29 22:40:13.405,389834b8-29ec-44e1-b37b-34a23cd292ee.source_info.json,1.3341283,5081.953,272.3707,6655,VfS0qUERdZ,com.sec.android.app.shealth,0,389834b8-29ec-44e1-b37b-34a23cd292ee.achievement.json,389834b8-29ec-44e1-b37b-34a23cd292ee,1651276800000,
263,ac5159ac-caed-4bbe-973d-7982b657e7d1.binning_data.json,151383,6000,0,2022-05-14 22:04:54.788,com.sec.android.app.shealth,2022-05-14 22:04:54.788,,1.308654,198.10875,11.310215,263,SumqgnI0Fz,com.sec.android.app.shealth,0,ac5159ac-caed-4bbe-973d-7982b657e7d1.achievement.json,ac5159ac-caed-4bbe-973d-7982b657e7d1,1652486400000,
3163,366cf7ee-94d6-4f7f-a724-367fa426e6eb.binning_data.json,1736741,6000,19,2022-05-12 22:00:03.897,com.sec.android.app.shealth,2022-05-11 22:00:05.846,,1.4052309,2440.5227,130.86182,3144,SumqgnI0Fz,com.sec.android.app.shealth,0,366cf7ee-94d6-4f7f-a724-367fa426e6eb.achievement.json,366cf7ee-94d6-4f7f-a724-367fa426e6eb,1652227200000,
13633,a770e76e-d000-4060-a52d-1353eacfb525.binning_data.json,7565106,6000,77,2022-05-04 07:55:24.062,com.sec.android.app.shealth,2022-05-02 23:15:01.051,a770e76e-d000-4060-a52d-1353eacfb525.source_info.json,1.3882722,10502.428,555.0627,13556,VfS0qUERdZ,com.sec.android.app.shealth,0,a770e76e-d000-4060-a52d-1353eacfb525.achievement.json,a770e76e-d000-4060-a52d-1353eacfb525,1651536000000,
603,041a8bfe-5a21-4533-bfc5-a31ae1579472.binning_data.json,357933,6000,0,2022-05-14 17:01:30.260,com.sec.android.app.shealth,2022-05-14 00:03:53.979,041a8bfe-5a21-4533-bfc5-a31ae1579472.source_info.json,1.2704015,454.71875,25.500216,603,VfS0qUERdZ,com.sec.android.app.shealth,0,041a8bfe-5a21-4533-bfc5-a31ae1579472.achievement.json,041a8bfe-5a21-4533-bfc5-a31ae1579472,1652486400000,
9689,1fa9611e-3bd6-4681-876e-2655fb33af7c.binning_data.json,5453497,6000,83,2022-05-05 23:50:41.598,com.sec.android.app.shealth,2022-05-04 23:09:51.831,1fa9611e-3bd6-4681-876e-2655fb33af7c.source_info.json,1.3598428,7415.899,399.1051,9606,VfS0qUERdZ,com.sec.android.app.shealth,0,1fa9611e-3bd6-4681-876e-2655fb33af7c.achievement.json,1fa9611e-3bd6-4681-876e-2655fb33af7c,1651708800000,
446,2ff4550b-3b34-4ddd-ac6c-6702a90aac5a.binning_data.json,269818,6000,0,2022-05-16 22:00:01.831,com.sec.android.app.shealth,2022-05-15 22:14:18.761,,1.2453564,336.02,18.68,446,3JD7PDJoKB,com.sec.android.app.shealth,0,2ff4550b-3b34-4ddd-ac6c-6702a90aac5a.achievement.json,2ff4550b-3b34-4ddd-ac6c-6702a90aac5a,1652659200000,
4475,b8075a86-30c2-4584-acfe-6761b41b831c.binning_data.json,2481354,6000,16,2022-05-14 22:04:54.704,com.sec.android.app.shealth,2022-05-13 22:00:03.542,,1.3863484,3440.0215,183.82318,4459,SumqgnI0Fz,com.sec.android.app.shealth,0,b8075a86-30c2-4584-acfe-6761b41b831c.achievement.json,b8075a86-30c2-4584-acfe-6761b41b831c,1652400000000,
14916,403e040a-596d-4dbd-8e87-37e42294c5a8.binning_data.json,8432528,6000,21,2022-05-07 23:37:25.800,com.sec.android.app.shealth,2022-05-06 22:01:27.961,403e040a-596d-4dbd-8e87-37e42294c5a8.source_info.json,1.3523616,11403.827,607.37836,14895,VfS0qUERdZ,com.sec.android.app.shealth,0,403e040a-596d-4dbd-8e87-37e42294c5a8.achievement.json,403e040a-596d-4dbd-8e87-37e42294c5a8,1651881600000,
242,bc22c818-b6b0-4445-86a3-38cc54613a4e.binning_data.json,150742,6000,0,2022-05-17 22:00:01.901,com.sec.android.app.shealth,2022-05-17 22:00:01.901,,1.2115353,182.63,10.17,242,3JD7PDJoKB,com.sec.android.app.shealth,0,bc22c818-b6b0-4445-86a3-38cc54613a4e.achievement.json,bc22c818-b6b0-4445-86a3-38cc54613a4e,1652745600000,
1179,b74dca2c-5323-4a3e-b588-14ce97dd05ba.binning_data.json,646223,6000,10,2022-05-18 21:33:07.920,com.sec.android.app.shealth,2022-05-17 22:30:24.612,b74dca2c-5323-4a3e-b588-14ce97dd05ba.source_info.json,1.4154273,914.6825,50.22037,1169,VfS0qUERdZ,com.sec.android.app.shealth,0,b74dca2c-5323-4a3e-b588-14ce97dd05ba.achievement.json,b74dca2c-5323-4a3e-b588-14ce97dd05ba,1652832000000,
10189,58526602-70e3-4215-829c-f275f26bba40.binning_data.json,5821872,6000,3,2022-05-10 06:54:01.219,com.sec.android.app.shealth,2022-05-08 23:03:01.626,58526602-70e3-4215-829c-f275f26bba40.source_info.json,1.3339036,7765.8154,420.77307,10186,VfS0qUERdZ,com.sec.android.app.shealth,0,58526602-70e3-4215-829c-f275f26bba40.achievement.json,58526602-70e3-4215-829c-f275f26bba40,1652054400000,
1624,3c39d6d3-a987-4a10-b477-33f1fb6ea8b3.binning_data.json,893671,6000,43,2022-05-19 22:43:02.689,com.sec.android.app.shealth,2022-05-19 06:15:05.590,3c39d6d3-a987-4a10-b477-33f1fb6ea8b3.source_info.json,1.4014348,1252.4225,70.10002,1581,VfS0qUERdZ,com.sec.android.app.shealth,0,3c39d6d3-a987-4a10-b477-33f1fb6ea8b3.achievement.json,3c39d6d3-a987-4a10-b477-33f1fb6ea8b3,1652918400000,
10922,b0ccad90-ab38-43a0-874e-e2e5c4e3a5a7.binning_data.json,5596504,6000,1162,2022-05-02 23:21:57.424,com.sec.android.app.shealth,2022-05-01 22:25:41.431,b0ccad90-ab38-43a0-874e-e2e5c4e3a5a7.source_info.json,1.6207266,9070.404,515.2743,9760,VfS0qUERdZ,com.sec.android.app.shealth,0,b0ccad90-ab38-43a0-874e-e2e5c4e3a5a7.achievement.json,b0ccad90-ab38-43a0-874e-e2e5c4e3a5a7,1651449600000,
1356,c47428d4-412f-4e43-ad1d-650b751e5af2.binning_data.json,714655,6000,43,2022-05-20 22:48:42.424,com.sec.android.app.shealth,2022-05-19 22:00:03.670,,1.4766601,1055.3035,58.749943,1313,SumqgnI0Fz,com.sec.android.app.shealth,0,c47428d4-412f-4e43-ad1d-650b751e5af2.achievement.json,c47428d4-412f-4e43-ad1d-650b751e5af2,1652918400000,
573,be7ea015-2527-443e-b2f7-842a7d0548b0.binning_data.json,355226,6000,0,2022-05-15 22:14:18.072,com.sec.android.app.shealth,2022-05-15 22:14:18.072,,1.2191923,433.09,24.16,573,3JD7PDJoKB,com.sec.android.app.shealth,0,be7ea015-2527-443e-b2f7-842a7d0548b0.achievement.json,be7ea015-2527-443e-b2f7-842a7d0548b0,1652572800000,
11934,c70ee98e-8b67-452d-9cc3-663d47daa3d1.binning_data.json,6216875,6000,1073,2022-05-21 07:36:14.154,com.sec.android.app.shealth,2022-05-19 22:32:52.298,c70ee98e-8b67-452d-9cc3-663d47daa3d1.source_info.json,1.5249655,9480.521,542.7102,10861,VfS0qUERdZ,com.sec.android.app.shealth,0,c70ee98e-8b67-452d-9cc3-663d47daa3d1.achievement.json,c70ee98e-8b67-452d-9cc3-663d47daa3d1,1653004800000,
3642,753620a9-f52c-4285-9ce4-0972c50ae4e4.binning_data.json,2028381,6000,19,2022-05-11 22:15:17.113,com.sec.android.app.shealth,2022-05-11 07:27:02.947,753620a9-f52c-4285-9ce4-0972c50ae4e4.source_info.json,1.3788137,2796.7605,150.5115,3623,VfS0qUERdZ,com.sec.android.app.shealth,0,753620a9-f52c-4285-9ce4-0972c50ae4e4.achievement.json,753620a9-f52c-4285-9ce4-0972c50ae4e4,1652227200000,
7248,8cf5aea6-47fa-4d83-8146-0fe79ecd521a.binning_data.json,4161705,6000,1,2022-05-22 22:00:09.271,com.sec.android.app.shealth,2022-05-21 22:00:04.116,,1.321552,5499.9106,299.99936,7247,SumqgnI0Fz,com.sec.android.app.shealth,0,8cf5aea6-47fa-4d83-8146-0fe79ecd521a.achievement.json,8cf5aea6-47fa-4d83-8146-0fe79ecd521a,1653091200000,
988,ac331a2c-fdd4-459b-9bc1-937cba10e94e.binning_data.json,527680,6000,7,2022-05-18 22:00:03.427,com.sec.android.app.shealth,2022-05-18 22:00:03.427,,1.4502395,765.2625,41.760372,981,SumqgnI0Fz,com.sec.android.app.shealth,0,ac331a2c-fdd4-459b-9bc1-937cba10e94e.achievement.json,ac331a2c-fdd4-459b-9bc1-937cba10e94e,1652832000000,
3877,da15c601-2e1c-4d92-957b-515d43c15482.binning_data.json,2216606,6000,0,2022-05-13 22:00:02.350,com.sec.android.app.shealth,2022-05-13 22:00:02.350,,1.335672,2960.66,156.99998,3877,3JD7PDJoKB,com.sec.android.app.shealth,0,da15c601-2e1c-4d92-957b-515d43c15482.achievement.json,da15c601-2e1c-4d92-957b-515d43c15482,1652400000000,
11529,7db6bf51-2f63-4780-b919-81d3fae6f68b.binning_data.json,6679309,6000,96,2022-05-23 08:26:08.527,com.sec.android.app.shealth,2022-05-21 22:11:29.155,7db6bf51-2f63-4780-b919-81d3fae6f68b.source_info.json,1.3104522,8752.915,480.36954,11433,VfS0qUERdZ,com.sec.android.app.shealth,0,7db6bf51-2f63-4780-b919-81d3fae6f68b.achievement.json,7db6bf51-2f63-4780-b919-81d3fae6f68b,1653177600000,
8338,f801b682-877f-4a1b-abc1-8c5523861bfb.binning_data.json,4282369,6000,1076,2022-05-24 22:00:06.025,com.sec.android.app.shealth,2022-05-23 22:00:24.142,,1.5527816,6649.585,397.18512,7262,SumqgnI0Fz,com.sec.android.app.shealth,0,f801b682-877f-4a1b-abc1-8c5523861bfb.achievement.json,f801b682-877f-4a1b-abc1-8c5523861bfb,1653264000000,
8024,b6b72809-54ad-4ff4-a3fb-a6770e30c219.binning_data.json,4649712,6000,2,2022-05-21 23:22:03.623,com.sec.android.app.shealth,2022-05-21 06:55:38.897,b6b72809-54ad-4ff4-a3fb-a6770e30c219.source_info.json,1.3103566,6092.7817,332.43936,8022,VfS0qUERdZ,com.sec.android.app.shealth,0,b6b72809-54ad-4ff4-a3fb-a6770e30c219.achievement.json,b6b72809-54ad-4ff4-a3fb-a6770e30c219,1653091200000,
10628,fc0d909b-42ba-4801-a509-c60169f63215.binning_data.json,5510335,6000,1079,2022-05-21 22:00:05.321,com.sec.android.app.shealth,2022-05-20 22:48:42.444,,1.5257754,8407.534,487.02072,9549,SumqgnI0Fz,com.sec.android.app.shealth,0,fc0d909b-42ba-4801-a509-c60169f63215.achievement.json,fc0d909b-42ba-4801-a509-c60169f63215,1653004800000,
8630,b1b05fa7-9460-4dd0-a98e-b280c8fdf5cb.binning_data.json,4716009,6000,18,2022-05-04 20:43:42.536,com.sec.android.app.shealth,2022-05-04 07:16:30.335,b1b05fa7-9460-4dd0-a98e-b280c8fdf5cb.source_info.json,1.4139509,6668.2065,351.13675,8612,VfS0qUERdZ,com.sec.android.app.shealth,0,b1b05fa7-9460-4dd0-a98e-b280c8fdf5cb.achievement.json,b1b05fa7-9460-4dd0-a98e-b280c8fdf5cb,1651622400000,
446,7b7b313e-2af5-4c97-aaa7-26a09b956878.binning_data.json,269818,6000,0,2022-05-16 20:52:22.853,com.sec.android.app.shealth,2022-05-15 22:14:10.940,7b7b313e-2af5-4c97-aaa7-26a09b956878.source_info.json,1.2453564,336.02,18.68,446,VfS0qUERdZ,com.sec.android.app.shealth,0,7b7b313e-2af5-4c97-aaa7-26a09b956878.achievement.json,7b7b313e-2af5-4c97-aaa7-26a09b956878,1652659200000,
9764,62af74e0-1450-4b77-9e85-c75f0ed66700.binning_data.json,5536135,6000,47,2022-05-25 00:44:41.802,com.sec.android.app.shealth,2022-05-24 05:46:13.768,62af74e0-1450-4b77-9e85-c75f0ed66700.source_info.json,1.3516816,7483.092,407.95132,9717,VfS0qUERdZ,com.sec.android.app.shealth,0,62af74e0-1450-4b77-9e85-c75f0ed66700.achievement.json,62af74e0-1450-4b77-9e85-c75f0ed66700,1653350400000,
10992,17921b54-ab2f-4a84-a09a-a378a594ce1d.binning_data.json,6220062,6000,25,2022-05-26 22:00:07.080,com.sec.android.app.shealth,2022-05-25 22:00:05.170,,1.348218,8385.999,457.31445,10967,SumqgnI0Fz,com.sec.android.app.shealth,0,17921b54-ab2f-4a84-a09a-a378a594ce1d.achievement.json,17921b54-ab2f-4a84-a09a-a378a594ce1d,1653436800000,
15590,beb693a2-6511-44ae-bafb-20bc84fd180e.binning_data.json,8089474,6000,1228,2022-05-06 22:16:24.365,com.sec.android.app.shealth,2022-05-06 07:12:48.476,beb693a2-6511-44ae-bafb-20bc84fd180e.source_info.json,1.526588,12349.294,686.2766,14362,VfS0qUERdZ,com.sec.android.app.shealth,0,beb693a2-6511-44ae-bafb-20bc84fd180e.achievement.json,beb693a2-6511-44ae-bafb-20bc84fd180e,1651795200000,
495,1b1a4b30-09c1-4d39-b87b-ea96dd573a88.binning_data.json,293397,6000,3,2022-05-18 22:00:01.668,com.sec.android.app.shealth,2022-05-18 22:00:01.668,,1.2991232,381.16,21.070002,492,3JD7PDJoKB,com.sec.android.app.shealth,0,1b1a4b30-09c1-4d39-b87b-ea96dd573a88.achievement.json,1b1a4b30-09c1-4d39-b87b-ea96dd573a88,1652832000000,
17212,806ae516-3253-4d4c-a14d-0806415b87da.binning_data.json,9171982,6000,1113,2022-05-28 22:59:44.217,com.sec.android.app.shealth,2022-05-27 22:18:03.715,,1.4679358,13463.881,758.3233,16099,SumqgnI0Fz,com.sec.android.app.shealth,0,806ae516-3253-4d4c-a14d-0806415b87da.achievement.json,806ae516-3253-4d4c-a14d-0806415b87da,1653609600000,
7405,694842b5-a468-4299-98df-3e6ba3434dad.binning_data.json,4236496,6000,65,2022-05-08 23:09:45.997,com.sec.android.app.shealth,2022-05-07 23:37:25.310,694842b5-a468-4299-98df-3e6ba3434dad.source_info.json,1.3335726,5649.6753,307.20688,7340,VfS0qUERdZ,com.sec.android.app.shealth,0,694842b5-a468-4299-98df-3e6ba3434dad.achievement.json,694842b5-a468-4299-98df-3e6ba3434dad,1651968000000,
9362,b6a622e1-08df-476d-b336-8e6d7bf78b62.binning_data.json,4883678,6000,1000,2022-05-20 22:48:36.835,com.sec.android.app.shealth,2022-05-20 22:48:36.835,,1.5907415,7768.67,444.46994,8362,3JD7PDJoKB,com.sec.android.app.shealth,0,b6a622e1-08df-476d-b336-8e6d7bf78b62.achievement.json,b6a622e1-08df-476d-b336-8e6d7bf78b62,1653004800000,
9448,1f516b5b-3b2a-4afb-a2e3-dec957c55f74.binning_data.json,5670836,6000,19,2022-05-29 22:00:02.553,com.sec.android.app.shealth,2022-05-29 22:00:02.553,,1.2647727,7172.32,386.36996,9429,3JD7PDJoKB,com.sec.android.app.shealth,0,1f516b5b-3b2a-4afb-a2e3-dec957c55f74.achievement.json,1f516b5b-3b2a-4afb-a2e3-dec957c55f74,1653782400000,
10413,3fb533b6-787a-4198-965e-c41cf0d9b208.binning_data.json,5980769,6000,99,2022-05-23 22:00:24.141,com.sec.android.app.shealth,2022-05-22 22:00:09.424,,1.3212153,7901.883,437.3395,10314,SumqgnI0Fz,com.sec.android.app.shealth,0,3fb533b6-787a-4198-965e-c41cf0d9b208.achievement.json,3fb533b6-787a-4198-965e-c41cf0d9b208,1653177600000,
9724,354548a6-b95f-4878-9705-8a315bbd3a5e.binning_data.json,5048874,6000,1118,2022-05-24 00:18:45.115,com.sec.android.app.shealth,2022-05-23 06:29:37.088,354548a6-b95f-4878-9705-8a315bbd3a5e.source_info.json,1.5718329,7935.987,462.35165,8606,VfS0qUERdZ,com.sec.android.app.shealth,0,354548a6-b95f-4878-9705-8a315bbd3a5e.achievement.json,354548a6-b95f-4878-9705-8a315bbd3a5e,1653264000000,
8552,7b5d3672-8646-4bbb-8ce4-e19d97c3b140.binning_data.json,5077878,6000,0,2022-05-22 22:00:07.594,com.sec.android.app.shealth,2022-05-22 22:00:07.594,,1.2779313,6489.18,350.15,8552,3JD7PDJoKB,com.sec.android.app.shealth,0,7b5d3672-8646-4bbb-8ce4-e19d97c3b140.achievement.json,7b5d3672-8646-4bbb-8ce4-e19d97c3b140,1653177600000,
15558,254efa7b-360f-4a01-b8e3-c3f8aee60483.binning_data.json,8218361,6000,1158,2022-05-10 21:04:12.361,com.sec.android.app.shealth,2022-05-09 22:06:31.161,254efa7b-360f-4a01-b8e3-c3f8aee60483.source_info.json,1.5401117,12657.193,715.15454,14400,VfS0qUERdZ,com.sec.android.app.shealth,0,254efa7b-360f-4a01-b8e3-c3f8aee60483.achievement.json,254efa7b-360f-4a01-b8e3-c3f8aee60483,1652140800000,
8338,1382d40d-84d9-438b-876c-1e490d89ee7b.binning_data.json,4678170,6000,32,2022-05-25 22:00:05.154,com.sec.android.app.shealth,2022-05-24 22:00:06.117,,1.365119,6386.2583,349.07208,8306,SumqgnI0Fz,com.sec.android.app.shealth,0,1382d40d-84d9-438b-876c-1e490d89ee7b.achievement.json,1382d40d-84d9-438b-876c-1e490d89ee7b,1653350400000,
553,565c0733-e9a4-45a5-8747-18a01805f9f8.binning_data.json,336973,6000,0,2022-06-01 22:00:04.136,com.sec.android.app.shealth,2022-05-31 22:00:06.804,,0.98509496,331.95062,21.019356,553,SumqgnI0Fz,com.sec.android.app.shealth,0,565c0733-e9a4-45a5-8747-18a01805f9f8.achievement.json,565c0733-e9a4-45a5-8747-18a01805f9f8,1653955200000,
11027,3329e5f4-f347-4c54-bb12-ebdb74631ac9.binning_data.json,6363623,6000,19,2022-05-26 21:15:09.238,com.sec.android.app.shealth,2022-05-25 22:06:02.806,3329e5f4-f347-4c54-bb12-ebdb74631ac9.source_info.json,1.3194568,8396.526,453.2831,11008,VfS0qUERdZ,com.sec.android.app.shealth,0,3329e5f4-f347-4c54-bb12-ebdb74631ac9.achievement.json,3329e5f4-f347-4c54-bb12-ebdb74631ac9,1653523200000,
8039,e3c8e9e3-09d4-407b-ba71-c7aa43128cad.binning_data.json,4578983,6000,15,2022-05-24 22:00:04.193,com.sec.android.app.shealth,2022-05-24 22:00:04.193,,1.3474607,6170.0,330.00998,8024,3JD7PDJoKB,com.sec.android.app.shealth,0,e3c8e9e3-09d4-407b-ba71-c7aa43128cad.achievement.json,e3c8e9e3-09d4-407b-ba71-c7aa43128cad,1653350400000,
12559,f0aa6e61-e0ab-4e1c-b847-cefa1b607ee3.binning_data.json,7184244,6000,5,2022-05-25 22:07:19.492,com.sec.android.app.shealth,2022-05-25 05:41:50.832,f0aa6e61-e0ab-4e1c-b847-cefa1b607ee3.source_info.json,1.3338656,9582.818,518.0736,12554,VfS0qUERdZ,com.sec.android.app.shealth,0,f0aa6e61-e0ab-4e1c-b847-cefa1b607ee3.achievement.json,f0aa6e61-e0ab-4e1c-b847-cefa1b607ee3,1653436800000,
9397,43edf970-1d32-435c-becc-e74c594c8170.binning_data.json,5333442,6000,19,2022-05-26 22:00:07.129,com.sec.android.app.shealth,2022-05-26 22:00:07.129,,1.343701,7166.5522,388.1575,9378,SumqgnI0Fz,com.sec.android.app.shealth,0,43edf970-1d32-435c-becc-e74c594c8170.achievement.json,43edf970-1d32-435c-becc-e74c594c8170,1653523200000,
7872,89880732-5ade-4025-b6d2-021856c7350b.binning_data.json,4509291,6000,16,2022-06-03 22:00:07.596,com.sec.android.app.shealth,2022-06-02 22:00:09.521,,1.0739914,4842.94,284.63467,7856,SumqgnI0Fz,com.sec.android.app.shealth,0,89880732-5ade-4025-b6d2-021856c7350b.achievement.json,89880732-5ade-4025-b6d2-021856c7350b,1654128000000,
9454,b2e3fab0-4151-49d9-adcb-28186e628954.binning_data.json,5512816,6000,6,2022-05-26 22:00:03.134,com.sec.android.app.shealth,2022-05-26 22:00:03.134,,1.3084219,7213.09,385.86,9448,3JD7PDJoKB,com.sec.android.app.shealth,0,b2e3fab0-4151-49d9-adcb-28186e628954.achievement.json,b2e3fab0-4151-49d9-adcb-28186e628954,1653523200000,
431,dc2b2691-986b-4dd5-8b70-80ad83dfb98a.binning_data.json,259754,6000,4,2022-05-12 21:06:37.725,com.sec.android.app.shealth,2022-05-12 05:24:43.741,dc2b2691-986b-4dd5-8b70-80ad83dfb98a.source_info.json,1.2628869,328.04,18.33,427,VfS0qUERdZ,com.sec.android.app.shealth,0,dc2b2691-986b-4dd5-8b70-80ad83dfb98a.achievement.json,dc2b2691-986b-4dd5-8b70-80ad83dfb98a,1652313600000,
24595,fa2102a0-08d7-462f-aeea-ebf9c5079d4c.binning_data.json,14907605,6000,0,2022-05-28 22:59:42.271,com.sec.android.app.shealth,2022-05-28 22:59:42.271,,1.2441113,18546.719,993.1099,24595,3JD7PDJoKB,com.sec.android.app.shealth,0,fa2102a0-08d7-462f-aeea-ebf9c5079d4c.achievement.json,fa2102a0-08d7-462f-aeea-ebf9c5079d4c,1653696000000,
19591,0df3ab78-91ed-4767-92c1-f4f8be749821.binning_data.json,10588460,6000,1143,2022-05-27 23:58:34.181,com.sec.android.app.shealth,2022-05-27 07:06:23.951,0df3ab78-91ed-4767-92c1-f4f8be749821.source_info.json,1.4886763,15762.789,881.7756,18448,VfS0qUERdZ,com.sec.android.app.shealth,0,0df3ab78-91ed-4767-92c1-f4f8be749821.achievement.json,0df3ab78-91ed-4767-92c1-f4f8be749821,1653609600000,
28016,d9a7b9de-b96e-42eb-8f78-e6c2aa346f25.binning_data.json,16288941,6000,0,2022-05-28 22:51:36.099,com.sec.android.app.shealth,2022-05-27 23:41:08.471,d9a7b9de-b96e-42eb-8f78-e6c2aa346f25.source_info.json,1.2427095,20242.424,1129.0721,28016,VfS0qUERdZ,com.sec.android.app.shealth,0,d9a7b9de-b96e-42eb-8f78-e6c2aa346f25.achievement.json,d9a7b9de-b96e-42eb-8f78-e6c2aa346f25,1653696000000,
11028,ef6dc8a4-996b-4a9b-b49e-73e3019f3c5b.binning_data.json,6439270,6000,2,2022-06-05 22:00:05.218,com.sec.android.app.shealth,2022-06-04 22:00:06.799,,1.0431141,6716.8936,403.72577,11026,SumqgnI0Fz,com.sec.android.app.shealth,0,ef6dc8a4-996b-4a9b-b49e-73e3019f3c5b.achievement.json,ef6dc8a4-996b-4a9b-b49e-73e3019f3c5b,1654300800000,
361,79e6435a-5bdd-4329-b307-460f1bfa3d41.binning_data.json,220873,6000,0,2022-05-14 22:04:52.127,com.sec.android.app.shealth,2022-05-14 22:04:52.127,,1.2302504,271.73,15.099999,361,3JD7PDJoKB,com.sec.android.app.shealth,0,79e6435a-5bdd-4329-b307-460f1bfa3d41.achievement.json,79e6435a-5bdd-4329-b307-460f1bfa3d41,1652486400000,
11284,47331d3f-74c7-4b87-a689-12f855cf4cb1.binning_data.json,6334565,6000,14,2022-05-31 22:00:06.825,com.sec.android.app.shealth,2022-05-30 22:00:06.796,,1.0996274,6965.661,427.77936,11270,SumqgnI0Fz,com.sec.android.app.shealth,0,47331d3f-74c7-4b87-a689-12f855cf4cb1.achievement.json,47331d3f-74c7-4b87-a689-12f855cf4cb1,1653868800000,
15648,b5ab5987-d4d7-49a2-90b3-ec927ce05643.binning_data.json,8757978,6000,0,2022-05-30 02:14:34.956,com.sec.android.app.shealth,2022-05-28 22:51:35.292,b5ab5987-d4d7-49a2-90b3-ec927ce05643.source_info.json,1.2076482,10576.556,607.1007,15648,VfS0qUERdZ,com.sec.android.app.shealth,0,b5ab5987-d4d7-49a2-90b3-ec927ce05643.achievement.json,b5ab5987-d4d7-49a2-90b3-ec927ce05643,1653782400000,
14480,88888e6d-d868-42bc-8bd7-90d680742a34.binning_data.json,7980298,6000,7,2022-05-30 22:00:06.812,com.sec.android.app.shealth,2022-05-28 22:59:44.194,,1.149697,9174.926,548.66016,14473,SumqgnI0Fz,com.sec.android.app.shealth,0,88888e6d-d868-42bc-8bd7-90d680742a34.achievement.json,88888e6d-d868-42bc-8bd7-90d680742a34,1653782400000,
13,fb744ea2-326f-4d71-8c45-d7ee1c63bee8.binning_data.json,7856,6000,0,2022-06-06 22:00:08.056,com.sec.android.app.shealth,2022-06-06 22:00:08.056,,1.0234133,8.040039,0.4699707,13,SumqgnI0Fz,com.sec.android.app.shealth,0,fb744ea2-326f-4d71-8c45-d7ee1c63bee8.achievement.json,fb744ea2-326f-4d71-8c45-d7ee1c63bee8,1654473600000,
12267,67b17f5b-f4c4-4404-973e-f37b74920e00.binning_data.json,6896572,6000,23,2022-05-31 02:34:22.211,com.sec.android.app.shealth,2022-05-30 07:00:28.460,67b17f5b-f4c4-4404-973e-f37b74920e00.source_info.json,1.2529677,8641.184,481.75903,12244,VfS0qUERdZ,com.sec.android.app.shealth,0,67b17f5b-f4c4-4404-973e-f37b74920e00.achievement.json,67b17f5b-f4c4-4404-973e-f37b74920e00,1653868800000,
10605,7162e192-2baf-475e-9470-63f2c90be643.binning_data.json,6003804,6000,24,2022-05-30 22:00:02.807,com.sec.android.app.shealth,2022-05-30 22:00:02.807,,1.3560916,8141.709,429.63992,10581,3JD7PDJoKB,com.sec.android.app.shealth,0,7162e192-2baf-475e-9470-63f2c90be643.achievement.json,7162e192-2baf-475e-9470-63f2c90be643,1653868800000,
5398,f0185ac9-020d-41a6-b812-0fafc842a3ce.binning_data.json,3008218,6000,0,2022-06-02 22:00:09.474,com.sec.android.app.shealth,2022-06-01 22:00:04.196,,1.1162244,3357.847,197.45854,5398,SumqgnI0Fz,com.sec.android.app.shealth,0,f0185ac9-020d-41a6-b812-0fafc842a3ce.achievement.json,f0185ac9-020d-41a6-b812-0fafc842a3ce,1654041600000,
242,8c01a54e-aaf9-431f-86f1-4a027a0c0c06.binning_data.json,150742,6000,0,2022-05-17 19:29:28.234,com.sec.android.app.shealth,2022-05-16 23:05:13.561,8c01a54e-aaf9-431f-86f1-4a027a0c0c06.source_info.json,1.2115353,182.63,10.17,242,VfS0qUERdZ,com.sec.android.app.shealth,0,8c01a54e-aaf9-431f-86f1-4a027a0c0c06.achievement.json,8c01a54e-aaf9-431f-86f1-4a027a0c0c06,1652745600000,
6248,1551e55e-05f4-47b8-8963-7e40b1b02938.binning_data.json,3233504,6000,997,2022-06-08 22:04:29.714,com.sec.android.app.shealth,2022-06-08 22:04:29.714,,1.3042768,4217.3853,268.7095,5251,SumqgnI0Fz,com.sec.android.app.shealth,0,1551e55e-05f4-47b8-8963-7e40b1b02938.achievement.json,1551e55e-05f4-47b8-8963-7e40b1b02938,1654646400000,
4642,a075a925-285b-47fa-9cca-8fea93f63cc5.binning_data.json,2606073,6000,0,2022-06-01 22:00:02.018,com.sec.android.app.shealth,2022-06-01 22:00:02.018,,1.3713851,3573.93,187.63995,4642,3JD7PDJoKB,com.sec.android.app.shealth,0,a075a925-285b-47fa-9cca-8fea93f63cc5.achievement.json,a075a925-285b-47fa-9cca-8fea93f63cc5,1654041600000,
7381,68b4f503-0ff8-47f7-9193-6c5cdf6d1698.binning_data.json,3708544,6000,1332,2022-06-11 22:00:07.335,com.sec.android.app.shealth,2022-06-10 22:00:06.732,,1.372638,5090.4883,324.52158,6049,SumqgnI0Fz,com.sec.android.app.shealth,0,68b4f503-0ff8-47f7-9193-6c5cdf6d1698.achievement.json,68b4f503-0ff8-47f7-9193-6c5cdf6d1698,1654819200000,
6287,d4a4b025-dd1b-4973-8ec9-970b8b3959cc.binning_data.json,3670664,6000,2,2022-06-03 22:00:04.832,com.sec.android.app.shealth,2022-06-03 22:00:04.832,,1.3093624,4806.23,255.59999,6285,3JD7PDJoKB,com.sec.android.app.shealth,0,d4a4b025-dd1b-4973-8ec9-970b8b3959cc.achievement.json,d4a4b025-dd1b-4973-8ec9-970b8b3959cc,1654214400000,
860,bfbcf879-c02c-4f2d-8e1d-44387ec60e18.binning_data.json,525391,6000,0,2022-06-01 03:12:35.146,com.sec.android.app.shealth,2022-05-30 22:26:47.546,bfbcf879-c02c-4f2d-8e1d-44387ec60e18.source_info.json,1.084774,569.9306,34.059357,860,VfS0qUERdZ,com.sec.android.app.shealth,0,bfbcf879-c02c-4f2d-8e1d-44387ec60e18.achievement.json,bfbcf879-c02c-4f2d-8e1d-44387ec60e18,1653955200000,
9438,5e4d3e97-5be8-46eb-82b2-e374465507bb.binning_data.json,5342633,6000,9,2022-06-13 22:00:13.171,com.sec.android.app.shealth,2022-06-12 22:00:09.253,,1.0887241,5816.654,337.63553,9429,SumqgnI0Fz,com.sec.android.app.shealth,0,5e4d3e97-5be8-46eb-82b2-e374465507bb.achievement.json,5e4d3e97-5be8-46eb-82b2-e374465507bb,1654992000000,
13025,5dcbc890-3490-4220-9ce5-ced6dee99aba.binning_data.json,7762395,6000,0,2022-06-05 22:00:02.182,com.sec.android.app.shealth,2022-06-05 22:00:02.182,,1.2734253,9884.83,525.05994,13025,3JD7PDJoKB,com.sec.android.app.shealth,0,5dcbc890-3490-4220-9ce5-ced6dee99aba.achievement.json,5dcbc890-3490-4220-9ce5-ced6dee99aba,1654387200000,
7112,baee5d97-1a72-4803-8c2a-46de854fcc62.binning_data.json,4053245,6000,7,2022-06-04 22:00:06.843,com.sec.android.app.shealth,2022-06-03 22:00:07.632,,1.0860974,4402.2197,258.55228,7105,SumqgnI0Fz,com.sec.android.app.shealth,0,baee5d97-1a72-4803-8c2a-46de854fcc62.achievement.json,baee5d97-1a72-4803-8c2a-46de854fcc62,1654214400000,
6277,f5fdfbc8-429f-487d-a14d-8ed025f62f18.binning_data.json,3203246,6000,999,2022-06-14 22:00:07.119,com.sec.android.app.shealth,2022-06-14 22:00:07.119,,1.3280442,4254.0527,268.28674,5278,SumqgnI0Fz,com.sec.android.app.shealth,0,f5fdfbc8-429f-487d-a14d-8ed025f62f18.achievement.json,f5fdfbc8-429f-487d-a14d-8ed025f62f18,1655164800000,
6214,b75f6287-5ae8-4d40-b8d2-450d031cea69.binning_data.json,3504834,6000,0,2022-06-02 04:07:36.570,com.sec.android.app.shealth,2022-06-01 06:27:27.464,b75f6287-5ae8-4d40-b8d2-450d031cea69.source_info.json,1.2386762,4341.355,240.15865,6214,VfS0qUERdZ,com.sec.android.app.shealth,0,b75f6287-5ae8-4d40-b8d2-450d031cea69.achievement.json,b75f6287-5ae8-4d40-b8d2-450d031cea69,1654041600000,
7740,6d879b2e-c430-4d2e-9434-92874dd5fff6.binning_data.json,4511364,6000,10,2022-06-07 22:14:17.224,com.sec.android.app.shealth,2022-06-07 22:00:02.843,,1.3113593,5916.02,313.29996,7730,3JD7PDJoKB,com.sec.android.app.shealth,0,6d879b2e-c430-4d2e-9434-92874dd5fff6.achievement.json,6d879b2e-c430-4d2e-9434-92874dd5fff6,1654560000000,
9196,d4b2ebae-6322-41a1-97d6-3ba31142a9fc.binning_data.json,5342086,6000,16,2022-06-03 04:10:42.297,com.sec.android.app.shealth,2022-06-01 22:02:32.808,d4b2ebae-6322-41a1-97d6-3ba31142a9fc.source_info.json,1.1682625,6240.9595,351.29782,9180,VfS0qUERdZ,com.sec.android.app.shealth,0,d4b2ebae-6322-41a1-97d6-3ba31142a9fc.achievement.json,d4b2ebae-6322-41a1-97d6-3ba31142a9fc,1654128000000,
519,b9e4d5c2-6083-4adc-a27d-3917c36ee73c.binning_data.json,325781,6000,0,2022-05-19 22:00:02.379,com.sec.android.app.shealth,2022-05-19 22:00:02.379,,1.1905514,387.86,21.6,519,3JD7PDJoKB,com.sec.android.app.shealth,0,b9e4d5c2-6083-4adc-a27d-3917c36ee73c.achievement.json,b9e4d5c2-6083-4adc-a27d-3917c36ee73c,1652918400000,
13381,455399b3-65d5-4cce-a8de-3e3b42633b9e.binning_data.json,7772037,6000,0,2022-06-06 22:00:08.118,com.sec.android.app.shealth,2022-06-05 22:00:05.547,,1.0509633,8168.1265,483.53018,13381,SumqgnI0Fz,com.sec.android.app.shealth,0,455399b3-65d5-4cce-a8de-3e3b42633b9e.achievement.json,455399b3-65d5-4cce-a8de-3e3b42633b9e,1654387200000,
6873,f17d058d-502f-4d12-ae79-6b51f3702f6f.binning_data.json,3936895,6000,0,2022-06-08 22:04:29.690,com.sec.android.app.shealth,2022-06-07 22:00:52.720,,1.0722847,4221.473,250.0097,6873,SumqgnI0Fz,com.sec.android.app.shealth,0,f17d058d-502f-4d12-ae79-6b51f3702f6f.achievement.json,f17d058d-502f-4d12-ae79-6b51f3702f6f,1654560000000,
10019,b586cb1b-4d9a-431a-b4d3-28dfcfcff70f.binning_data.json,5591394,6000,1,2022-06-16 22:00:04.630,com.sec.android.app.shealth,2022-06-16 22:00:04.630,,1.116539,6243.01,358.21362,10018,SumqgnI0Fz,com.sec.android.app.shealth,0,b586cb1b-4d9a-431a-b4d3-28dfcfcff70f.achievement.json,b586cb1b-4d9a-431a-b4d3-28dfcfcff70f,1655337600000,
5603,3ba67352-6382-478e-ab1e-12839a73cb43.binning_data.json,3302289,6000,1,2022-05-21 22:00:01.530,com.sec.android.app.shealth,2022-05-21 22:00:01.530,,1.2918432,4266.04,228.89,5602,3JD7PDJoKB,com.sec.android.app.shealth,0,3ba67352-6382-478e-ab1e-12839a73cb43.achievement.json,3ba67352-6382-478e-ab1e-12839a73cb43,1653091200000,
12240,73c8abb4-2f9e-4f0f-8e5f-9c82c04f1ca1.binning_data.json,6936502,6000,0,2022-06-09 22:00:10.496,com.sec.android.app.shealth,2022-06-09 22:00:10.496,,1.3534818,9388.43,492.77994,12240,3JD7PDJoKB,com.sec.android.app.shealth,0,73c8abb4-2f9e-4f0f-8e5f-9c82c04f1ca1.achievement.json,73c8abb4-2f9e-4f0f-8e5f-9c82c04f1ca1,1654732800000,
8366,3e416687-236d-409b-b35f-9f2e745a309a.binning_data.json,4806426,6000,7,2022-06-03 23:33:04.779,com.sec.android.app.shealth,2022-06-03 05:37:42.800,3e416687-236d-409b-b35f-9f2e745a309a.source_info.json,1.1945388,5741.4634,320.68442,8359,VfS0qUERdZ,com.sec.android.app.shealth,0,3e416687-236d-409b-b35f-9f2e745a309a.achievement.json,3e416687-236d-409b-b35f-9f2e745a309a,1654214400000,
16585,f0ecf6e8-ae3a-4fb9-99f9-676a2733ac1c.binning_data.json,9458544,6000,12,2022-06-19 22:00:05.948,com.sec.android.app.shealth,2022-06-18 22:00:04.682,,1.0746399,10164.529,594.0146,16573,SumqgnI0Fz,com.sec.android.app.shealth,0,f0ecf6e8-ae3a-4fb9-99f9-676a2733ac1c.achievement.json,f0ecf6e8-ae3a-4fb9-99f9-676a2733ac1c,1655510400000,
12782,bc2ec4d8-ca46-400e-b5c7-639f811ce357.binning_data.json,7188629,6000,4,2022-06-10 22:00:06.735,com.sec.android.app.shealth,2022-06-09 22:00:12.820,,1.1040641,7936.708,459.71362,12778,SumqgnI0Fz,com.sec.android.app.shealth,0,bc2ec4d8-ca46-400e-b5c7-639f811ce357.achievement.json,bc2ec4d8-ca46-400e-b5c7-639f811ce357,1654732800000,
13892,7e9c03f9-862d-4f23-a978-1082d63da9a9.binning_data.json,8177327,6000,8,2022-06-04 22:15:23.166,com.sec.android.app.shealth,2022-06-03 22:18:57.684,7e9c03f9-862d-4f23-a978-1082d63da9a9.source_info.json,1.149869,9402.8545,534.23627,13884,VfS0qUERdZ,com.sec.android.app.shealth,0,7e9c03f9-862d-4f23-a978-1082d63da9a9.achievement.json,7e9c03f9-862d-4f23-a978-1082d63da9a9,1654300800000,
5941,fb115e60-9b31-49ac-ac83-3890891f3532.binning_data.json,3337832,6000,20,2022-06-12 22:00:09.405,com.sec.android.app.shealth,2022-06-11 22:00:07.308,,1.1110575,3708.5234,215.3022,5921,SumqgnI0Fz,com.sec.android.app.shealth,0,fb115e60-9b31-49ac-ac83-3890891f3532.achievement.json,fb115e60-9b31-49ac-ac83-3890891f3532,1654905600000,
7861,323b67e7-2ccd-44f6-9fad-4ddeed993c60.binning_data.json,4072515,6000,1076,2022-05-23 22:00:03.596,com.sec.android.app.shealth,2022-05-23 22:00:03.596,,1.6230114,6609.7397,385.49994,6785,3JD7PDJoKB,com.sec.android.app.shealth,0,323b67e7-2ccd-44f6-9fad-4ddeed993c60.achievement.json,323b67e7-2ccd-44f6-9fad-4ddeed993c60,1653264000000,
4737,d1b2d5f4-4475-47d1-b2c8-cff9d936e141.binning_data.json,2678902,6000,0,2022-06-11 22:12:28.825,com.sec.android.app.shealth,2022-06-11 22:00:03.409,,1.3603142,3644.15,192.21999,4737,3JD7PDJoKB,com.sec.android.app.shealth,0,d1b2d5f4-4475-47d1-b2c8-cff9d936e141.achievement.json,d1b2d5f4-4475-47d1-b2c8-cff9d936e141,1654905600000,
9520,d85c9e85-47b1-455b-a050-2b70e6a66529.binning_data.json,5306966,6000,4,2022-06-20 22:00:50.322,com.sec.android.app.shealth,2022-06-20 22:00:50.322,,1.1159267,5922.186,342.8409,9516,SumqgnI0Fz,com.sec.android.app.shealth,0,d85c9e85-47b1-455b-a050-2b70e6a66529.achievement.json,d85c9e85-47b1-455b-a050-2b70e6a66529,1655683200000,
10146,5825aed2-e02d-449b-b9c6-2e7795f9c2b1.binning_data.json,5918798,6000,12,2022-05-25 22:00:03.554,com.sec.android.app.shealth,2022-05-25 22:00:03.554,,1.3107508,7758.07,415.67996,10134,3JD7PDJoKB,com.sec.android.app.shealth,0,5825aed2-e02d-449b-b9c6-2e7795f9c2b1.achievement.json,5825aed2-e02d-449b-b9c6-2e7795f9c2b1,1653436800000,
7170,e682b518-db09-446e-9748-82203599d273.binning_data.json,4012770,6000,28,2022-06-13 22:00:03.635,com.sec.android.app.shealth,2022-06-13 22:00:03.635,,1.38055,5539.83,291.38998,7142,3JD7PDJoKB,com.sec.android.app.shealth,0,e682b518-db09-446e-9748-82203599d273.achievement.json,e682b518-db09-446e-9748-82203599d273,1655078400000,
14869,3a243dac-8d67-47dc-9cf6-02acf316a66a.binning_data.json,8698509,6000,0,2022-06-06 06:00:59.873,com.sec.android.app.shealth,2022-06-04 22:05:40.917,3a243dac-8d67-47dc-9cf6-02acf316a66a.source_info.json,1.1612753,10101.362,566.23,14869,VfS0qUERdZ,com.sec.android.app.shealth,0,3a243dac-8d67-47dc-9cf6-02acf316a66a.achievement.json,3a243dac-8d67-47dc-9cf6-02acf316a66a,1654387200000,
2473,226e7a2a-c656-47ba-8e4b-f836ac585963.binning_data.json,1444302,6000,0,2022-06-06 19:48:24.307,com.sec.android.app.shealth,2022-06-05 22:00:41.904,226e7a2a-c656-47ba-8e4b-f836ac585963.source_info.json,1.3013967,1879.61,100.049965,2473,VfS0qUERdZ,com.sec.android.app.shealth,0,226e7a2a-c656-47ba-8e4b-f836ac585963.achievement.json,226e7a2a-c656-47ba-8e4b-f836ac585963,1654473600000,
6471,d05b76c1-838c-4fb7-8ba9-857657fdb7da.binning_data.json,3556762,6000,26,2022-06-13 22:00:13.244,com.sec.android.app.shealth,2022-06-13 22:00:13.244,,1.1396861,4053.5928,233.9529,6445,SumqgnI0Fz,com.sec.android.app.shealth,0,d05b76c1-838c-4fb7-8ba9-857657fdb7da.achievement.json,d05b76c1-838c-4fb7-8ba9-857657fdb7da,1655078400000,
14786,41b9c692-eb39-4929-ac5c-570da54bad36.binning_data.json,7876812,6000,1117,2022-06-22 22:00:05.612,com.sec.android.app.shealth,2022-06-22 22:00:05.612,,1.2209082,9616.864,582.52936,13669,SumqgnI0Fz,com.sec.android.app.shealth,0,41b9c692-eb39-4929-ac5c-570da54bad36.achievement.json,41b9c692-eb39-4929-ac5c-570da54bad36,1655856000000,
775,9c6ddb6a-a61a-4d64-8cee-1fa27547abb7.binning_data.json,459471,6000,2,2022-06-15 22:00:03.831,com.sec.android.app.shealth,2022-06-15 22:00:03.831,,1.0369308,476.4397,28.250313,773,SumqgnI0Fz,com.sec.android.app.shealth,0,9c6ddb6a-a61a-4d64-8cee-1fa27547abb7.achievement.json,9c6ddb6a-a61a-4d64-8cee-1fa27547abb7,1655251200000,
8535,173a183a-78fe-4fe3-ad07-df165f1a8f38.binning_data.json,4477633,6000,1074,2022-06-08 21:03:21.194,com.sec.android.app.shealth,2022-06-07 22:14:16.948,173a183a-78fe-4fe3-ad07-df165f1a8f38.source_info.json,1.5064428,6745.2993,397.43,7461,VfS0qUERdZ,com.sec.android.app.shealth,0,173a183a-78fe-4fe3-ad07-df165f1a8f38.achievement.json,173a183a-78fe-4fe3-ad07-df165f1a8f38,1654646400000,
16509,42997979-0396-4512-be4d-62247ec7954b.binning_data.json,8996806,6000,1087,2022-05-27 22:18:01.636,com.sec.android.app.shealth,2022-05-27 22:18:01.636,,1.4884393,13391.2,748.9599,15422,3JD7PDJoKB,com.sec.android.app.shealth,0,42997979-0396-4512-be4d-62247ec7954b.achievement.json,42997979-0396-4512-be4d-62247ec7954b,1653609600000,
731,2ee3fa50-09ff-4c2e-862e-1a8c632d6e58.binning_data.json,447241,6000,2,2022-06-15 22:00:01.635,com.sec.android.app.shealth,2022-06-15 22:00:01.635,,1.2424175,555.66003,30.39,729,3JD7PDJoKB,com.sec.android.app.shealth,0,2ee3fa50-09ff-4c2e-862e-1a8c632d6e58.achievement.json,2ee3fa50-09ff-4c2e-862e-1a8c632d6e58,1655251200000,
10804,4894c2f4-84ca-4742-8827-037be7eca0ee.binning_data.json,5996798,6000,13,2022-06-24 22:00:06.264,com.sec.android.app.shealth,2022-06-24 22:00:06.264,,1.1211638,6723.394,387.05374,10791,SumqgnI0Fz,com.sec.android.app.shealth,0,4894c2f4-84ca-4742-8827-037be7eca0ee.achievement.json,4894c2f4-84ca-4742-8827-037be7eca0ee,1656028800000,
14310,7f9a3bd8-6183-4540-8f68-d89c202d49ec.binning_data.json,7564019,6000,1094,2022-06-18 22:00:04.684,com.sec.android.app.shealth,2022-06-17 22:00:04.375,,1.2357605,9347.316,558.65424,13216,SumqgnI0Fz,com.sec.android.app.shealth,0,7f9a3bd8-6183-4540-8f68-d89c202d49ec.achievement.json,7f9a3bd8-6183-4540-8f68-d89c202d49ec,1655424000000,
26439,601f3792-3ad5-44b0-a5ae-dbf7f856db55.binning_data.json,15157218,6000,0,2022-05-28 22:59:44.293,com.sec.android.app.shealth,2022-05-28 22:59:44.293,,1.2252083,18570.75,1057.5322,26439,SumqgnI0Fz,com.sec.android.app.shealth,0,601f3792-3ad5-44b0-a5ae-dbf7f856db55.achievement.json,601f3792-3ad5-44b0-a5ae-dbf7f856db55,1653696000000,
8862,242fed26-261b-4bf2-9336-ff3bebc3bddd.binning_data.json,5135898,6000,10,2022-06-07 22:57:20.298,com.sec.android.app.shealth,2022-06-06 22:02:24.878,242fed26-261b-4bf2-9336-ff3bebc3bddd.source_info.json,1.2043219,6185.2744,341.87955,8852,VfS0qUERdZ,com.sec.android.app.shealth,0,242fed26-261b-4bf2-9336-ff3bebc3bddd.achievement.json,242fed26-261b-4bf2-9336-ff3bebc3bddd,1654560000000,
8522,fee472ef-b80d-44b4-9f0f-457458c16c13.binning_data.json,4354633,6000,1341,2022-06-11 09:58:12.030,com.sec.android.app.shealth,2022-06-10 06:43:04.344,fee472ef-b80d-44b4-9f0f-457458c16c13.source_info.json,1.5001911,6532.7817,391.95996,7181,VfS0qUERdZ,com.sec.android.app.shealth,0,fee472ef-b80d-44b4-9f0f-457458c16c13.achievement.json,fee472ef-b80d-44b4-9f0f-457458c16c13,1654819200000,
11748,10ccb4f7-c340-4440-9818-3d48d88a22a3.binning_data.json,6402065,6000,19,2022-06-17 22:00:01.971,com.sec.android.app.shealth,2022-06-17 22:00:01.971,,1.4217956,9102.43,473.54996,11729,3JD7PDJoKB,com.sec.android.app.shealth,0,10ccb4f7-c340-4440-9818-3d48d88a22a3.achievement.json,10ccb4f7-c340-4440-9818-3d48d88a22a3,1655424000000,
14235,7e13591b-8fc1-4e60-a89b-30c5478a7c13.binning_data.json,8056270,6000,4,2022-06-09 22:14:16.020,com.sec.android.app.shealth,2022-06-08 22:04:43.918,7e13591b-8fc1-4e60-a89b-30c5478a7c13.source_info.json,1.2490159,10062.41,549.92035,14231,VfS0qUERdZ,com.sec.android.app.shealth,0,7e13591b-8fc1-4e60-a89b-30c5478a7c13.achievement.json,7e13591b-8fc1-4e60-a89b-30c5478a7c13,1654732800000,
419,c411343d-cadb-45e0-9b10-963788b9c245.binning_data.json,257527,6000,0,2022-05-31 22:00:03.818,com.sec.android.app.shealth,2022-05-31 22:00:03.818,,1.2253075,315.55,17.54,419,3JD7PDJoKB,com.sec.android.app.shealth,0,c411343d-cadb-45e0-9b10-963788b9c245.achievement.json,c411343d-cadb-45e0-9b10-963788b9c245,1653955200000,
10871,94017cc1-c499-4ea8-b3b6-9eb599779073.binning_data.json,6200582,6000,7,2022-06-12 22:12:09.586,com.sec.android.app.shealth,2022-06-11 22:27:50.507,94017cc1-c499-4ea8-b3b6-9eb599779073.source_info.json,1.2114217,7511.52,415.70236,10864,VfS0qUERdZ,com.sec.android.app.shealth,0,94017cc1-c499-4ea8-b3b6-9eb599779073.achievement.json,94017cc1-c499-4ea8-b3b6-9eb599779073,1654992000000,
8121,f9c5904d-0505-415f-8b04-c10549e16e76.binning_data.json,4580501,6000,24,2022-06-19 22:00:05.937,com.sec.android.app.shealth,2022-06-19 22:00:05.937,,1.098103,5029.8623,293.09427,8097,SumqgnI0Fz,com.sec.android.app.shealth,0,f9c5904d-0505-415f-8b04-c10549e16e76.achievement.json,f9c5904d-0505-415f-8b04-c10549e16e76,1655596800000,
7728,f5eab81b-7162-4b76-b585-26373856a418.binning_data.json,4486569,6000,0,2022-06-19 22:00:03.446,com.sec.android.app.shealth,2022-06-19 22:00:03.446,,1.3149601,5899.66,312.68,7728,3JD7PDJoKB,com.sec.android.app.shealth,0,f5eab81b-7162-4b76-b585-26373856a418.achievement.json,f5eab81b-7162-4b76-b585-26373856a418,1655596800000,
7646,6a0392c9-ed96-4fbc-bcdd-bf6cdb0870e5.binning_data.json,4503374,6000,0,2022-06-02 22:00:06.437,com.sec.android.app.shealth,2022-06-02 22:00:06.437,,1.290299,5810.7,309.38998,7646,3JD7PDJoKB,com.sec.android.app.shealth,0,6a0392c9-ed96-4fbc-bcdd-bf6cdb0870e5.achievement.json,6a0392c9-ed96-4fbc-bcdd-bf6cdb0870e5,1654128000000,
6734,2043f94a-533f-4eea-a24f-4a93bf2f79f1.binning_data.json,3814178,6000,0,2022-06-11 22:30:25.233,com.sec.android.app.shealth,2022-06-11 08:12:56.337,2043f94a-533f-4eea-a24f-4a93bf2f79f1.source_info.json,1.1999876,4576.967,256.21152,6734,VfS0qUERdZ,com.sec.android.app.shealth,0,2043f94a-533f-4eea-a24f-4a93bf2f79f1.achievement.json,2043f94a-533f-4eea-a24f-4a93bf2f79f1,1654905600000,
7677,391e1139-5450-4b2f-8c05-d9c8075f434a.binning_data.json,3935365,6000,1088,2022-06-14 21:51:27.497,com.sec.android.app.shealth,2022-06-13 22:30:22.401,391e1139-5450-4b2f-8c05-d9c8075f434a.source_info.json,1.5010344,5907.119,347.99265,6589,VfS0qUERdZ,com.sec.android.app.shealth,0,391e1139-5450-4b2f-8c05-d9c8075f434a.achievement.json,391e1139-5450-4b2f-8c05-d9c8075f434a,1655164800000,
9905,7194dec7-6ee8-44bd-ac80-9ba4b5e502dc.binning_data.json,5626375,6000,0,2022-06-21 22:00:04.959,com.sec.android.app.shealth,2022-06-21 22:00:04.959,,1.0823159,6089.5156,356.95212,9905,SumqgnI0Fz,com.sec.android.app.shealth,0,7194dec7-6ee8-44bd-ac80-9ba4b5e502dc.achievement.json,7194dec7-6ee8-44bd-ac80-9ba4b5e502dc,1655769600000,
9766,c1fbd1f1-6947-42c7-a89c-9496e9e872ef.binning_data.json,5613390,6000,0,2022-06-21 22:00:02.199,com.sec.android.app.shealth,2022-06-21 22:00:02.199,,1.3310779,7471.8604,395.03998,9766,3JD7PDJoKB,com.sec.android.app.shealth,0,c1fbd1f1-6947-42c7-a89c-9496e9e872ef.achievement.json,c1fbd1f1-6947-42c7-a89c-9496e9e872ef,1655769600000,
11569,1ba4ba3c-8feb-48a9-8718-30ef33bbe633.binning_data.json,6955098,6000,6,2022-06-04 22:00:02.827,com.sec.android.app.shealth,2022-06-04 22:00:02.827,,1.2593769,8759.09,467.02997,11563,3JD7PDJoKB,com.sec.android.app.shealth,0,1ba4ba3c-8feb-48a9-8718-30ef33bbe633.achievement.json,1ba4ba3c-8feb-48a9-8718-30ef33bbe633,1654300800000,
8248,3f47c34b-24d9-47bd-98a9-470d456f4be3.binning_data.json,4596811,6000,37,2022-06-13 21:56:12.283,com.sec.android.app.shealth,2022-06-12 22:12:28.055,3f47c34b-24d9-47bd-98a9-470d456f4be3.source_info.json,1.2768861,5869.605,319.63138,8211,VfS0qUERdZ,com.sec.android.app.shealth,0,3f47c34b-24d9-47bd-98a9-470d456f4be3.achievement.json,3f47c34b-24d9-47bd-98a9-470d456f4be3,1655078400000,
11541,08ba49d3-fc72-4e02-b6f3-5c7be33a13f0.binning_data.json,6502906,6000,1,2022-06-16 21:36:47.502,com.sec.android.app.shealth,2022-06-16 08:19:02.508,08ba49d3-fc72-4e02-b6f3-5c7be33a13f0.source_info.json,1.2309793,8004.9424,440.01248,11540,VfS0qUERdZ,com.sec.android.app.shealth,0,08ba49d3-fc72-4e02-b6f3-5c7be33a13f0.achievement.json,08ba49d3-fc72-4e02-b6f3-5c7be33a13f0,1655337600000,
7532,17c09595-0bfd-4674-ba90-d0cf5077509e.binning_data.json,4203769,6000,0,2022-06-23 22:00:06.151,com.sec.android.app.shealth,2022-06-23 22:00:06.151,,1.1222212,4717.5596,273.85336,7532,SumqgnI0Fz,com.sec.android.app.shealth,0,17c09595-0bfd-4674-ba90-d0cf5077509e.achievement.json,17c09595-0bfd-4674-ba90-d0cf5077509e,1655942400000,
2460,0557870b-da5b-44c6-aa75-16a347f40ae3.binning_data.json,1436446,6000,0,2022-06-06 22:00:03.386,com.sec.android.app.shealth,2022-06-06 22:00:03.386,,1.3029169,1871.57,99.579994,2460,3JD7PDJoKB,com.sec.android.app.shealth,0,0557870b-da5b-44c6-aa75-16a347f40ae3.achievement.json,0557870b-da5b-44c6-aa75-16a347f40ae3,1654473600000,
7552,7791782d-7110-4c15-ac96-83d8383db22b.binning_data.json,4300160,6000,10,2022-06-23 22:00:03.514,com.sec.android.app.shealth,2022-06-23 22:00:03.514,,1.346408,5789.77,306.18,7542,3JD7PDJoKB,com.sec.android.app.shealth,0,7791782d-7110-4c15-ac96-83d8383db22b.achievement.json,7791782d-7110-4c15-ac96-83d8383db22b,1655942400000,
17739,6f9af63f-4771-4a1f-b427-727c880ec177.binning_data.json,10173167,6000,12,2022-06-19 01:30:43.568,com.sec.android.app.shealth,2022-06-17 22:07:33.488,6f9af63f-4771-4a1f-b427-727c880ec177.source_info.json,1.1946789,12153.669,673.3285,17727,VfS0qUERdZ,com.sec.android.app.shealth,0,6f9af63f-4771-4a1f-b427-727c880ec177.achievement.json,6f9af63f-4771-4a1f-b427-727c880ec177,1655510400000,
1323,01752166-74ed-4255-85f2-2220a3f6e58a.binning_data.json,799863,6000,4,2022-06-15 21:09:23.321,com.sec.android.app.shealth,2022-06-14 22:00:33.997,01752166-74ed-4255-85f2-2220a3f6e58a.source_info.json,1.1377028,910.0064,51.680283,1319,VfS0qUERdZ,com.sec.android.app.shealth,0,01752166-74ed-4255-85f2-2220a3f6e58a.achievement.json,01752166-74ed-4255-85f2-2220a3f6e58a,1655251200000,
7591,3159377d-7a8f-454f-ad72-9c82625a1c25.binning_data.json,3945205,6000,1066,2022-06-08 22:04:22.339,com.sec.android.app.shealth,2022-06-07 22:14:17.227,,1.6260724,6415.19,373.16998,6525,3JD7PDJoKB,com.sec.android.app.shealth,0,3159377d-7a8f-454f-ad72-9c82625a1c25.achievement.json,3159377d-7a8f-454f-ad72-9c82625a1c25,1654646400000,
11352,6996c7d3-a374-41b2-b712-7d0b4a1ffd02.binning_data.json,6424153,6000,7,2022-06-20 20:52:04.781,com.sec.android.app.shealth,2022-06-19 22:12:32.682,6996c7d3-a374-41b2-b712-7d0b4a1ffd02.source_info.json,1.2228259,7855.622,435.49463,11345,VfS0qUERdZ,com.sec.android.app.shealth,0,6996c7d3-a374-41b2-b712-7d0b4a1ffd02.achievement.json,6996c7d3-a374-41b2-b712-7d0b4a1ffd02,1655683200000,
6527,a8cb9461-2bf5-4e6a-beb6-6ab4f2539147.binning_data.json,3508445,6000,366,2022-06-10 22:00:02.395,com.sec.android.app.shealth,2022-06-10 22:00:02.395,,1.4983271,5256.7993,288.91995,6161,3JD7PDJoKB,com.sec.android.app.shealth,0,a8cb9461-2bf5-4e6a-beb6-6ab4f2539147.achievement.json,a8cb9461-2bf5-4e6a-beb6-6ab4f2539147,1654819200000,
17532,8ac7968c-618d-4450-85d3-b1d156854742.binning_data.json,9436181,6000,1147,2022-06-22 19:48:14.746,com.sec.android.app.shealth,2022-06-22 05:05:56.806,8ac7968c-618d-4450-85d3-b1d156854742.source_info.json,1.394183,13155.764,755.67426,16385,VfS0qUERdZ,com.sec.android.app.shealth,0,8ac7968c-618d-4450-85d3-b1d156854742.achievement.json,8ac7968c-618d-4450-85d3-b1d156854742,1655856000000,
15697,a74b0ed4-c3fd-4289-936c-db98bbeb64c2.binning_data.json,8340792,6000,1105,2022-06-17 23:09:21.127,com.sec.android.app.shealth,2022-06-16 22:04:00.889,a74b0ed4-c3fd-4289-936c-db98bbeb64c2.source_info.json,1.3878018,11575.367,653.52625,14592,VfS0qUERdZ,com.sec.android.app.shealth,0,a74b0ed4-c3fd-4289-936c-db98bbeb64c2.achievement.json,a74b0ed4-c3fd-4289-936c-db98bbeb64c2,1655424000000,
8739,ab616ed1-1888-4329-af4d-f6c4cf2f960f.binning_data.json,5005930,6000,1,2022-06-12 22:00:02.384,com.sec.android.app.shealth,2022-06-12 22:00:02.384,,1.3377713,6696.79,352.81998,8738,3JD7PDJoKB,com.sec.android.app.shealth,0,ab616ed1-1888-4329-af4d-f6c4cf2f960f.achievement.json,ab616ed1-1888-4329-af4d-f6c4cf2f960f,1654992000000,
12874,8e0435dd-cde0-44ad-9c6a-f2d232abd93b.binning_data.json,7184578,6000,25,2022-06-24 22:07:53.142,com.sec.android.app.shealth,2022-06-24 06:24:42.776,8e0435dd-cde0-44ad-9c6a-f2d232abd93b.source_info.json,1.2518688,8994.151,492.4386,12849,VfS0qUERdZ,com.sec.android.app.shealth,0,8e0435dd-cde0-44ad-9c6a-f2d232abd93b.achievement.json,8e0435dd-cde0-44ad-9c6a-f2d232abd93b,1656028800000,
6737,861928c3-bb5b-4981-bfac-bb4f76fc5ca6.binning_data.json,3442097,6000,977,2022-06-14 22:00:02.750,com.sec.android.app.shealth,2022-06-14 22:00:02.750,,1.6624106,5722.1797,331.58002,5760,3JD7PDJoKB,com.sec.android.app.shealth,0,861928c3-bb5b-4981-bfac-bb4f76fc5ca6.achievement.json,861928c3-bb5b-4981-bfac-bb4f76fc5ca6,1655164800000,
9307,d879df29-1781-4ec1-8605-947158a15288.binning_data.json,5319415,6000,22,2022-06-19 21:51:34.751,com.sec.android.app.shealth,2022-06-19 09:34:22.765,d879df29-1781-4ec1-8605-947158a15288.source_info.json,1.2059768,6415.0923,355.43747,9285,VfS0qUERdZ,com.sec.android.app.shealth,0,d879df29-1781-4ec1-8605-947158a15288.achievement.json,d879df29-1781-4ec1-8605-947158a15288,1655596800000,
9308,d67aef66-74aa-46bd-bb35-b84aeabca181.binning_data.json,5264943,6000,0,2022-06-16 22:00:01.975,com.sec.android.app.shealth,2022-06-16 22:00:01.975,,1.3579233,7149.39,376.55997,9308,3JD7PDJoKB,com.sec.android.app.shealth,0,d67aef66-74aa-46bd-bb35-b84aeabca181.achievement.json,d67aef66-74aa-46bd-bb35-b84aeabca181,1655337600000,
11419,7ffc55b1-1190-4638-9e5b-055a81a69d76.binning_data.json,6516279,6000,0,2022-06-21 21:16:16.955,com.sec.android.app.shealth,2022-06-21 05:09:02.516,7ffc55b1-1190-4638-9e5b-055a81a69d76.source_info.json,1.1961654,7794.549,435.2943,11419,VfS0qUERdZ,com.sec.android.app.shealth,0,7ffc55b1-1190-4638-9e5b-055a81a69d76.achievement.json,7ffc55b1-1190-4638-9e5b-055a81a69d76,1655769600000,
15641,073a47e6-d797-4cb5-aff7-f117461c4982.binning_data.json,9101240,6000,0,2022-06-18 22:00:02.677,com.sec.android.app.shealth,2022-06-18 22:00:02.677,,1.3083744,11907.83,629.39996,15641,3JD7PDJoKB,com.sec.android.app.shealth,0,073a47e6-d797-4cb5-aff7-f117461c4982.achievement.json,073a47e6-d797-4cb5-aff7-f117461c4982,1655510400000,
9832,7b565ebb-4958-4fad-8bde-3f1bc3ab427a.binning_data.json,5603768,6000,3,2022-06-20 22:00:04.187,com.sec.android.app.shealth,2022-06-20 22:00:04.187,,1.3466885,7546.5303,398.21997,9829,3JD7PDJoKB,com.sec.android.app.shealth,0,7b565ebb-4958-4fad-8bde-3f1bc3ab427a.achievement.json,7b565ebb-4958-4fad-8bde-3f1bc3ab427a,1655683200000,
9192,0c2a1c44-869c-45d8-a805-f0d655149395.binning_data.json,5183103,6000,10,2022-06-23 21:32:26.183,com.sec.android.app.shealth,2022-06-23 07:51:48.265,0c2a1c44-869c-45d8-a805-f0d655149395.source_info.json,1.2488611,6472.975,354.31647,9182,VfS0qUERdZ,com.sec.android.app.shealth,0,0c2a1c44-869c-45d8-a805-f0d655149395.achievement.json,0c2a1c44-869c-45d8-a805-f0d655149395,1655942400000,
15158,ac67af6e-5b2e-4bd7-aad1-50c9c093ddd5.binning_data.json,8162318,6000,1117,2022-06-22 22:00:02.679,com.sec.android.app.shealth,2022-06-22 22:00:02.679,,1.524111,12440.279,695.35,14041,3JD7PDJoKB,com.sec.android.app.shealth,0,ac67af6e-5b2e-4bd7-aad1-50c9c093ddd5.achievement.json,ac67af6e-5b2e-4bd7-aad1-50c9c093ddd5,1655856000000,
90,9aedc4a0-905b-4fd5-a507-b8f6436f8beb.binning_data.json,60812,6000,0,2022-06-25 13:43:01.330,com.sec.android.app.shealth,2022-06-24 22:07:52.755,9aedc4a0-905b-4fd5-a507-b8f6436f8beb.source_info.json,1.1004233,66.920006,3.63,90,VfS0qUERdZ,com.sec.android.app.shealth,0,9aedc4a0-905b-4fd5-a507-b8f6436f8beb.achievement.json,9aedc4a0-905b-4fd5-a507-b8f6436f8beb,1656115200000,
11105,fa39514d-9b16-4557-ab2d-b9557b4c7518.binning_data.json,6214301,6000,25,2022-06-24 22:00:02.571,com.sec.android.app.shealth,2022-06-24 22:00:02.571,,1.3766971,8555.21,449.32996,11080,3JD7PDJoKB,com.sec.android.app.shealth,0,fa39514d-9b16-4557-ab2d-b9557b4c7518.achievement.json,fa39514d-9b16-4557-ab2d-b9557b4c7518,1656028800000,
