com.samsung.health.sleep_stage,6212007,6
start_time,sleep_id,custom,update_time,create_time,stage,time_offset,deviceuuid,pkg_name,end_time,datauuid
2022-04-06 22:24:00.000,c8421746-397c-4776-bcce-cfdc988d0dbd,,2022-04-07 05:44:04.075,2022-04-07 05:44:04.075,40002,UTC+0200,3JD7PDJoKB,com.sec.android.app.shealth,2022-04-06 22:48:00.000,a00e0468-faf2-446f-b08d-0c44d3bea961,
2022-04-06 23:27:00.000,c8421746-397c-4776-bcce-cfdc988d0dbd,,2022-04-07 05:44:04.076,2022-04-07 05:44:04.076,40002,UTC+0200,3JD7PDJoKB,com.sec.android.app.shealth,2022-04-06 23:28:00.000,2f34477a-1073-4808-a031-052455f6cb43,
2022-04-07 00:28:00.000,c8421746-397c-4776-bcce-cfdc988d0dbd,,2022-04-07 05:44:04.077,2022-04-07 05:44:04.077,40001,UTC+0200,3JD7PDJoKB,com.sec.android.app.shealth,2022-04-07 00:30:00.000,184c5cdb-5ad2-4fc5-a2ab-354605ba8c3a,
2022-04-07 00:46:00.000,c8421746-397c-4776-bcce-cfdc988d0dbd,,2022-04-07 05:44:04.077,2022-04-07 05:44:04.077,40002,UTC+0200,3JD7PDJoKB,com.sec.android.app.shealth,2022-04-07 00:58:00.000,0765886d-bdb0-42a3-ad30-849ca4227019,
2022-04-07 01:26:00.000,c8421746-397c-4776-bcce-cfdc988d0dbd,,2022-04-07 05:44:04.078,2022-04-07 05:44:04.078,40002,UTC+0200,3JD7PDJoKB,com.sec.android.app.shealth,2022-04-07 01:41:00.000,064e2aa6-ab3b-496b-ae49-ec28a180d939,
2022-04-07 02:06:00.000,c8421746-397c-4776-bcce-cfdc988d0dbd,,2022-04-07 05:44:04.079,2022-04-07 05:44:04.079,40004,UTC+0200,3JD7PDJoKB,com.sec.android.app.shealth,2022-04-07 02:26:00.000,19fa627c-8f53-4800-8d64-6e5e934f103c,
2022-04-06 22:48:00.000,c8421746-397c-4776-bcce-cfdc988d0dbd,,2022-04-07 05:44:04.075,2022-04-07 05:44:04.075,40003,UTC+0200,3JD7PDJoKB,com.sec.android.app.shealth,2022-04-06 22:56:00.000,d9bb1abd-5877-40f5-84b3-00019369682d,
2022-04-07 02:49:00.000,c8421746-397c-4776-bcce-cfdc988d0dbd,,2022-04-07 05:44:04.080,2022-04-07 05:44:04.080,40002,UTC+0200,3JD7PDJoKB,com.sec.android.app.shealth,2022-04-07 02:51:00.000,d66eee8f-524f-4b92-82f0-31bd0e2108cd,
2022-04-07 03:35:00.000,c8421746-397c-4776-bcce-cfdc988d0dbd,,2022-04-07 05:44:04.081,2022-04-07 05:44:04.081,40002,UTC+0200,3JD7PDJoKB,com.sec.android.app.shealth,2022-04-07 03:36:00.000,b502fc00-bade-49e3-9618-3298de6fd194,
2022-04-06 23:28:00.000,c8421746-397c-4776-bcce-cfdc988d0dbd,,2022-04-07 05:44:04.076,2022-04-07 05:44:04.076,40001,UTC+0200,3JD7PDJoKB,com.sec.android.app.shealth,2022-04-06 23:29:00.000,164bb4b2-2cfc-4b5f-9858-3c110e8ba7ef,
2022-04-07 00:30:00.000,c8421746-397c-4776-bcce-cfdc988d0dbd,,2022-04-07 05:44:04.077,2022-04-07 05:44:04.077,40002,UTC+0200,3JD7PDJoKB,com.sec.android.app.shealth,2022-04-07 00:31:00.000,65a01869-726f-4cb1-8aa4-cafb125b6fbe,
2022-04-07 00:58:00.000,c8421746-397c-4776-bcce-cfdc988d0dbd,,2022-04-07 05:44:04.078,2022-04-07 05:44:04.078,40001,UTC+0200,3JD7PDJoKB,com.sec.android.app.shealth,2022-04-07 00:59:00.000,34ba6b52-9be5-47cc-a413-a06c04b64cf9,
2022-04-07 04:23:00.000,c8421746-397c-4776-bcce-cfdc988d0dbd,,2022-04-07 05:44:04.082,2022-04-07 05:44:04.082,40002,UTC+0200,3JD7PDJoKB,com.sec.android.app.shealth,2022-04-07 04:40:00.000,d09e18b0-e589-422e-8aa5-27f79a18385d,
2022-04-07 01:41:00.000,c8421746-397c-4776-bcce-cfdc988d0dbd,,2022-04-07 05:44:04.078,2022-04-07 05:44:04.078,40001,UTC+0200,3JD7PDJoKB,com.sec.android.app.shealth,2022-04-07 01:43:00.000,07a928b8-5557-4831-9799-c9840b7e5003,
2022-04-07 21:45:00.000,e9cff05c-9a39-4ebc-a69e-e540cd212ca3,,2022-04-08 05:51:03.658,2022-04-08 05:51:03.658,40003,UTC+0200,3JD7PDJoKB,com.sec.android.app.shealth,2022-04-07 22:05:00.000,53fe1ba6-185c-4b72-add3-a3277ffd9875,
2022-04-07 02:26:00.000,c8421746-397c-4776-bcce-cfdc988d0dbd,,2022-04-07 05:44:04.079,2022-04-07 05:44:04.079,40001,UTC+0200,3JD7PDJoKB,com.sec.android.app.shealth,2022-04-07 02:27:00.000,fdd5461a-0bbc-4980-a315-3059a470258d,
2022-04-07 22:45:00.000,e9cff05c-9a39-4ebc-a69e-e540cd212ca3,,2022-04-08 05:51:03.659,2022-04-08 05:51:03.659,40001,UTC+0200,3JD7PDJoKB,com.sec.android.app.shealth,2022-04-07 22:46:00.000,c507e3cc-6eac-4a91-bd73-4ba284117a2c,
2022-04-07 02:51:00.000,c8421746-397c-4776-bcce-cfdc988d0dbd,,2022-04-07 05:44:04.080,2022-04-07 05:44:04.080,40001,UTC+0200,3JD7PDJoKB,com.sec.android.app.shealth,2022-04-07 02:52:00.000,8dbda865-9364-40d7-8ece-0e33475e7ad9,
2022-04-07 23:14:00.000,e9cff05c-9a39-4ebc-a69e-e540cd212ca3,,2022-04-08 05:51:03.660,2022-04-08 05:51:03.660,40002,UTC+0200,3JD7PDJoKB,com.sec.android.app.shealth,2022-04-07 23:18:00.000,6ef32f8b-78d8-4c44-8b9c-755be2aefab9,
2022-04-07 03:36:00.000,c8421746-397c-4776-bcce-cfdc988d0dbd,,2022-04-07 05:44:04.081,2022-04-07 05:44:04.081,40004,UTC+0200,3JD7PDJoKB,com.sec.android.app.shealth,2022-04-07 04:10:00.000,9fbef15f-28d0-47d2-9d30-eb3ccbe7d11b,
2022-04-07 23:37:00.000,e9cff05c-9a39-4ebc-a69e-e540cd212ca3,,2022-04-08 05:51:03.661,2022-04-08 05:51:03.661,40002,UTC+0200,3JD7PDJoKB,com.sec.android.app.shealth,2022-04-07 23:58:00.000,615f6660-81f2-475f-9388-aeb406af766b,
2022-04-07 04:40:00.000,c8421746-397c-4776-bcce-cfdc988d0dbd,,2022-04-07 05:44:04.082,2022-04-07 05:44:04.082,40001,UTC+0200,3JD7PDJoKB,com.sec.android.app.shealth,2022-04-07 04:41:00.000,0e29be85-195b-455a-bc26-46185a7372b7,
2022-04-08 00:45:00.000,e9cff05c-9a39-4ebc-a69e-e540cd212ca3,,2022-04-08 05:51:03.661,2022-04-08 05:51:03.661,40004,UTC+0200,3JD7PDJoKB,com.sec.android.app.shealth,2022-04-08 00:46:00.000,97278ead-1a40-4997-886c-6c02a33c575b,
2022-04-07 22:05:00.000,e9cff05c-9a39-4ebc-a69e-e540cd212ca3,,2022-04-08 05:51:03.658,2022-04-08 05:51:03.658,40001,UTC+0200,3JD7PDJoKB,com.sec.android.app.shealth,2022-04-07 22:07:00.000,ba368808-9214-4663-9066-84f251e0005e,
2022-04-08 01:32:00.000,e9cff05c-9a39-4ebc-a69e-e540cd212ca3,,2022-04-08 05:51:03.662,2022-04-08 05:51:03.662,40004,UTC+0200,3JD7PDJoKB,com.sec.android.app.shealth,2022-04-08 01:34:00.000,15c69d5c-aee2-41b3-9679-905675c8a902,
2022-04-07 22:46:00.000,e9cff05c-9a39-4ebc-a69e-e540cd212ca3,,2022-04-08 05:51:03.659,2022-04-08 05:51:03.659,40002,UTC+0200,3JD7PDJoKB,com.sec.android.app.shealth,2022-04-07 22:50:00.000,071c6bcb-492c-4ef6-878e-03721e5d2379,
2022-04-08 02:43:00.000,e9cff05c-9a39-4ebc-a69e-e540cd212ca3,,2022-04-08 05:51:03.663,2022-04-08 05:51:03.663,40001,UTC+0200,3JD7PDJoKB,com.sec.android.app.shealth,2022-04-08 02:44:00.000,fdfe8dd7-617e-4a93-91a4-83c7cfb937d8,
2022-04-07 23:18:00.000,e9cff05c-9a39-4ebc-a69e-e540cd212ca3,,2022-04-08 05:51:03.660,2022-04-08 05:51:03.660,40001,UTC+0200,3JD7PDJoKB,com.sec.android.app.shealth,2022-04-07 23:19:00.000,ad020d38-8f14-419d-a800-1f4d66828c4a,
2022-04-08 03:43:00.000,e9cff05c-9a39-4ebc-a69e-e540cd212ca3,,2022-04-08 05:51:03.664,2022-04-08 05:51:03.664,40001,UTC+0200,3JD7PDJoKB,com.sec.android.app.shealth,2022-04-08 03:44:00.000,3b5c7f35-95f4-4a2b-b0d0-5fce5e537d2d,
2022-04-07 23:58:00.000,e9cff05c-9a39-4ebc-a69e-e540cd212ca3,,2022-04-08 05:51:03.661,2022-04-08 05:51:03.661,40003,UTC+0200,3JD7PDJoKB,com.sec.android.app.shealth,2022-04-08 00:24:00.000,f72a703c-dce3-4378-8d81-c3a14fd6dc53,
2022-04-08 04:36:00.000,e9cff05c-9a39-4ebc-a69e-e540cd212ca3,,2022-04-08 05:51:03.665,2022-04-08 05:51:03.665,40002,UTC+0200,3JD7PDJoKB,com.sec.android.app.shealth,2022-04-08 04:45:00.000,51fbf900-662a-49f0-9509-a39aac2b68b2,
2022-04-08 05:12:00.000,e9cff05c-9a39-4ebc-a69e-e540cd212ca3,,2022-04-08 05:51:03.666,2022-04-08 05:51:03.666,40001,UTC+0200,3JD7PDJoKB,com.sec.android.app.shealth,2022-04-08 05:13:00.000,f8e26fe4-49fd-4061-8953-e1165d6408b0,
2022-04-08 00:46:00.000,e9cff05c-9a39-4ebc-a69e-e540cd212ca3,,2022-04-08 05:51:03.661,2022-04-08 05:51:03.661,40002,UTC+0200,3JD7PDJoKB,com.sec.android.app.shealth,2022-04-08 01:03:00.000,7ed0891b-59b7-46a3-95bf-9e0aa123ded1,
2022-04-09 20:32:00.000,692fec87-f8ba-4bfb-80d9-e9169f0045c9,,2022-04-09 23:17:33.730,2022-04-09 23:17:33.730,40002,UTC+0200,3JD7PDJoKB,com.sec.android.app.shealth,2022-04-09 20:48:00.000,8828d57f-a7c0-4b0c-ba13-abc048130415,
2022-04-09 21:30:00.000,692fec87-f8ba-4bfb-80d9-e9169f0045c9,,2022-04-09 23:17:33.731,2022-04-09 23:17:33.731,40004,UTC+0200,3JD7PDJoKB,com.sec.android.app.shealth,2022-04-09 21:47:00.000,e22154f6-5d0f-47c6-baf1-1cfdd6bfb92b,
2022-04-08 01:34:00.000,e9cff05c-9a39-4ebc-a69e-e540cd212ca3,,2022-04-08 05:51:03.662,2022-04-08 05:51:03.662,40001,UTC+0200,3JD7PDJoKB,com.sec.android.app.shealth,2022-04-08 01:35:00.000,3f170600-12c7-43b1-822b-fbe491afe8bd,
2022-04-09 22:56:00.000,692fec87-f8ba-4bfb-80d9-e9169f0045c9,,2022-04-09 23:17:33.732,2022-04-09 23:17:33.732,40001,UTC+0200,3JD7PDJoKB,com.sec.android.app.shealth,2022-04-09 22:57:00.000,88a99213-cb42-4bf9-994b-5e7464beba8c,
2022-04-08 02:44:00.000,e9cff05c-9a39-4ebc-a69e-e540cd212ca3,,2022-04-08 05:51:03.663,2022-04-08 05:51:03.663,40002,UTC+0200,3JD7PDJoKB,com.sec.android.app.shealth,2022-04-08 02:52:00.000,1f9a14e9-a205-46df-938e-22d63df75fcb,
2022-04-11 13:26:00.000,2c7a20e7-ad88-43b9-b56e-c683a0e601cb,,2022-04-11 15:49:12.498,2022-04-11 15:49:12.498,40003,UTC+0200,3JD7PDJoKB,com.sec.android.app.shealth,2022-04-11 13:57:00.000,6e49345a-2ff7-4a99-9a13-a8811443b816,
2022-04-13 13:21:00.000,51be76e8-da94-42c0-99be-a95cabdc8eb4,,2022-04-13 14:42:20.314,2022-04-13 14:42:20.314,40003,UTC+0200,3JD7PDJoKB,com.sec.android.app.shealth,2022-04-13 13:39:00.000,ede2b402-ddc1-4988-bea6-4fc3209461b8,
2022-04-08 03:44:00.000,e9cff05c-9a39-4ebc-a69e-e540cd212ca3,,2022-04-08 05:51:03.664,2022-04-08 05:51:03.664,40002,UTC+0200,3JD7PDJoKB,com.sec.android.app.shealth,2022-04-08 04:27:00.000,3b34c56b-c4a9-4d8b-9078-8977d93d6922,
2022-04-13 14:07:00.000,51be76e8-da94-42c0-99be-a95cabdc8eb4,,2022-04-13 14:42:20.316,2022-04-13 14:42:20.316,40004,UTC+0200,3JD7PDJoKB,com.sec.android.app.shealth,2022-04-13 14:12:00.000,a29495c2-a1ff-4943-8d9f-e6a6a3b18f11,
2022-04-08 04:45:00.000,e9cff05c-9a39-4ebc-a69e-e540cd212ca3,,2022-04-08 05:51:03.665,2022-04-08 05:51:03.665,40001,UTC+0200,3JD7PDJoKB,com.sec.android.app.shealth,2022-04-08 04:46:00.000,8e3ad53f-0bb3-45be-9c7d-36b17516870c,
2022-04-14 13:20:00.000,8fc64f87-afc5-4a4c-9b01-726721eeb6c6,,2022-04-14 14:27:24.591,2022-04-14 14:27:24.591,40002,UTC+0200,3JD7PDJoKB,com.sec.android.app.shealth,2022-04-14 13:32:00.000,75b7158b-cff7-43aa-aee2-b8e1adc1e1a1,
2022-04-16 15:34:00.000,6b397e4b-d423-4c83-b46c-f15a28b164d8,,2022-04-16 17:14:16.730,2022-04-16 17:14:16.730,40002,UTC+0200,3JD7PDJoKB,com.sec.android.app.shealth,2022-04-16 15:47:00.000,b4c38734-c01f-4584-b0f0-e9db7110e322,
2022-04-08 05:13:00.000,e9cff05c-9a39-4ebc-a69e-e540cd212ca3,,2022-04-08 05:51:03.666,2022-04-08 05:51:03.666,40004,UTC+0200,3JD7PDJoKB,com.sec.android.app.shealth,2022-04-08 05:18:00.000,1c3b0102-0179-4ba4-a181-cef4a9e81f2a,
2022-04-16 16:19:00.000,6b397e4b-d423-4c83-b46c-f15a28b164d8,,2022-04-16 17:14:16.734,2022-04-16 17:14:16.734,40004,UTC+0200,3JD7PDJoKB,com.sec.android.app.shealth,2022-04-16 16:32:00.000,591135b5-556e-4597-bb5e-68bc2fa171d3,
2022-04-17 13:03:00.000,de2b8434-64f0-4176-8d66-6a6f86c1f732,,2022-04-17 15:30:55.132,2022-04-17 15:30:55.132,40002,UTC+0200,3JD7PDJoKB,com.sec.android.app.shealth,2022-04-17 13:11:00.000,96dd8934-983b-4107-a053-0a7ebebbb9c7,
2022-04-09 20:48:00.000,692fec87-f8ba-4bfb-80d9-e9169f0045c9,,2022-04-09 23:17:33.730,2022-04-09 23:17:33.730,40001,UTC+0200,3JD7PDJoKB,com.sec.android.app.shealth,2022-04-09 20:49:00.000,3fdeb51e-5378-4408-9384-f1a7514f787a,
2022-04-17 14:00:00.000,de2b8434-64f0-4176-8d66-6a6f86c1f732,,2022-04-17 15:30:55.132,2022-04-17 15:30:55.132,40002,UTC+0200,3JD7PDJoKB,com.sec.android.app.shealth,2022-04-17 14:05:00.000,235e88d8-e5fe-4b99-8e31-93df51d40471,
2022-04-09 21:47:00.000,692fec87-f8ba-4bfb-80d9-e9169f0045c9,,2022-04-09 23:17:33.731,2022-04-09 23:17:33.731,40001,UTC+0200,3JD7PDJoKB,com.sec.android.app.shealth,2022-04-09 21:48:00.000,391f4bf1-da17-4723-a019-c8b1bfc5fcc5,
2022-05-01 14:01:00.000,50fe2284-2ed2-447d-ba53-ed3a15d585ab,,2022-05-01 15:20:08.163,2022-05-01 15:20:08.163,40002,UTC+0200,3JD7PDJoKB,com.sec.android.app.shealth,2022-05-01 14:11:00.000,94850d39-205b-43f4-96aa-c337aa9c569c,
2022-05-01 14:37:00.000,50fe2284-2ed2-447d-ba53-ed3a15d585ab,,2022-05-01 15:20:08.164,2022-05-01 15:20:08.164,40001,UTC+0200,3JD7PDJoKB,com.sec.android.app.shealth,2022-05-01 14:40:00.000,fc1bc54d-fefc-410f-9aaa-2837077e19b9,
2022-04-09 22:57:00.000,692fec87-f8ba-4bfb-80d9-e9169f0045c9,,2022-04-09 23:17:33.732,2022-04-09 23:17:33.732,40004,UTC+0200,3JD7PDJoKB,com.sec.android.app.shealth,2022-04-09 23:10:00.000,c68053f4-3a95-40ca-bc1a-0b769343bad9,
2022-05-07 14:36:00.000,f19b16fd-38e8-46a4-9b9d-901a2a8b3050,,2022-05-07 16:22:13.594,2022-05-07 16:22:13.594,40003,UTC+0200,3JD7PDJoKB,com.sec.android.app.shealth,2022-05-07 14:45:00.000,f11fd7ab-a0ba-4d67-bfa5-e538021c5379,
2022-05-07 14:59:00.000,f19b16fd-38e8-46a4-9b9d-901a2a8b3050,,2022-05-07 16:22:13.603,2022-05-07 16:22:13.603,40002,UTC+0200,3JD7PDJoKB,com.sec.android.app.shealth,2022-05-07 15:00:00.000,3b588c1d-15ef-4689-a877-4bf35bea3477,
2022-04-11 13:57:00.000,2c7a20e7-ad88-43b9-b56e-c683a0e601cb,,2022-04-11 15:49:12.498,2022-04-11 15:49:12.498,40001,UTC+0200,3JD7PDJoKB,com.sec.android.app.shealth,2022-04-11 13:58:00.000,c5fc46e6-97da-4db0-9e92-66ae737ec31f,
2022-05-07 15:43:00.000,f19b16fd-38e8-46a4-9b9d-901a2a8b3050,,2022-05-07 16:22:13.604,2022-05-07 16:22:13.604,40001,UTC+0200,3JD7PDJoKB,com.sec.android.app.shealth,2022-05-07 15:44:00.000,3a08d6c7-8f95-48f1-afb6-de2ff48971c5,
2022-04-13 13:39:00.000,51be76e8-da94-42c0-99be-a95cabdc8eb4,,2022-04-13 14:42:20.315,2022-04-13 14:42:20.315,40002,UTC+0200,3JD7PDJoKB,com.sec.android.app.shealth,2022-04-13 13:58:00.000,d4f3ec9e-15ad-4026-90c7-182fbd8f8f1d,
2022-05-13 15:48:00.000,3698806f-882d-4df0-9add-93a669e6d599,,2022-05-13 16:43:17.354,2022-05-13 16:43:17.354,40001,UTC+0200,3JD7PDJoKB,com.sec.android.app.shealth,2022-05-13 15:55:00.000,a42cf79b-4795-448d-951e-115eca8c2e51,
2022-05-19 13:44:00.000,ec9f60eb-80c4-4566-a62f-b0a32360cb32,,2022-05-19 14:42:10.851,2022-05-19 14:42:10.851,40002,UTC+0200,3JD7PDJoKB,com.sec.android.app.shealth,2022-05-19 13:54:00.000,03009ca9-5425-4d6a-af98-7ee8d3e1f0db,
2022-04-13 14:12:00.000,51be76e8-da94-42c0-99be-a95cabdc8eb4,,2022-04-13 14:42:20.316,2022-04-13 14:42:20.316,40001,UTC+0200,3JD7PDJoKB,com.sec.android.app.shealth,2022-04-13 14:18:00.000,ec61424e-66db-44d7-8785-d938de1c13f6,
2022-05-21 12:27:00.000,0fbfd3d6-b6dc-46d0-9bb5-422b9700e34e,,2022-05-21 13:52:38.046,2022-05-21 13:52:38.046,40002,UTC+0200,3JD7PDJoKB,com.sec.android.app.shealth,2022-05-21 12:51:00.000,6f37454f-6cf5-40ec-b60a-5c9376ed2bc0,
2022-05-21 13:26:00.000,0fbfd3d6-b6dc-46d0-9bb5-422b9700e34e,,2022-05-21 13:52:38.052,2022-05-21 13:52:38.052,40001,UTC+0200,3JD7PDJoKB,com.sec.android.app.shealth,2022-05-21 13:33:00.000,4fa77543-018d-4445-9e28-68aff6ab7043,
2022-05-24 15:51:00.000,9ab50ae9-83b5-4877-96cf-9082858a18c1,,2022-05-24 16:43:53.889,2022-05-24 16:43:53.889,40003,UTC+0200,3JD7PDJoKB,com.sec.android.app.shealth,2022-05-24 15:54:00.000,443f4808-5818-40a3-9d48-7ac1ff842a8a,
2022-05-29 14:17:00.000,da9679b1-223d-4086-9012-7618532526cb,,2022-05-29 15:33:44.822,2022-05-29 15:33:44.822,40001,UTC+0200,3JD7PDJoKB,com.sec.android.app.shealth,2022-05-29 14:18:00.000,de3c5791-d460-4301-a6c9-b49acc5c8501,
2022-06-21 13:56:00.000,fe79ee2e-f313-40f0-a8a5-33f10c9bf156,,2022-06-21 15:30:31.141,2022-06-21 15:30:31.141,40002,UTC+0200,3JD7PDJoKB,com.sec.android.app.shealth,2022-06-21 14:08:00.000,5903bf53-60ca-427e-8b4c-5ffdfaf9c22b,
2022-06-21 14:54:00.000,fe79ee2e-f313-40f0-a8a5-33f10c9bf156,,2022-06-21 15:30:31.143,2022-06-21 15:30:31.143,40002,UTC+0200,3JD7PDJoKB,com.sec.android.app.shealth,2022-06-21 14:55:00.000,a4dcc6b0-2bfe-44b9-a9d9-b758eb1659eb,
2022-04-06 22:56:00.000,c8421746-397c-4776-bcce-cfdc988d0dbd,,2022-04-07 05:44:04.075,2022-04-07 05:44:04.075,40002,UTC+0200,3JD7PDJoKB,com.sec.android.app.shealth,2022-04-06 23:00:00.000,9e59ea96-78be-4a83-9827-fa6e728cd85a,
2022-04-06 23:29:00.000,c8421746-397c-4776-bcce-cfdc988d0dbd,,2022-04-07 05:44:04.076,2022-04-07 05:44:04.076,40002,UTC+0200,3JD7PDJoKB,com.sec.android.app.shealth,2022-04-06 23:42:00.000,969bee20-4104-4bff-9dfd-45ad4d80fe38,
2022-04-07 00:31:00.000,c8421746-397c-4776-bcce-cfdc988d0dbd,,2022-04-07 05:44:04.077,2022-04-07 05:44:04.077,40001,UTC+0200,3JD7PDJoKB,com.sec.android.app.shealth,2022-04-07 00:32:00.000,03ec4f99-af11-4bfc-bd38-e7602620b3e4,
2022-04-07 00:59:00.000,c8421746-397c-4776-bcce-cfdc988d0dbd,,2022-04-07 05:44:04.078,2022-04-07 05:44:04.078,40002,UTC+0200,3JD7PDJoKB,com.sec.android.app.shealth,2022-04-07 01:02:00.000,91b00460-b49a-4778-a80e-375ed454b551,
2022-04-07 01:43:00.000,c8421746-397c-4776-bcce-cfdc988d0dbd,,2022-04-07 05:44:04.079,2022-04-07 05:44:04.079,40002,UTC+0200,3JD7PDJoKB,com.sec.android.app.shealth,2022-04-07 01:57:00.000,d5fcce98-c8ad-4f2a-9457-45ac9beafcea,
2022-04-07 02:27:00.000,c8421746-397c-4776-bcce-cfdc988d0dbd,,2022-04-07 05:44:04.080,2022-04-07 05:44:04.080,40004,UTC+0200,3JD7PDJoKB,com.sec.android.app.shealth,2022-04-07 02:36:00.000,be3f9399-ed1f-4a0e-8c24-d994d212791e,
2022-04-07 02:52:00.000,c8421746-397c-4776-bcce-cfdc988d0dbd,,2022-04-07 05:44:04.080,2022-04-07 05:44:04.080,40002,UTC+0200,3JD7PDJoKB,com.sec.android.app.shealth,2022-04-07 03:14:00.000,b224f43f-a74b-4de1-bdff-9c936f2cc545,
2022-04-07 04:10:00.000,c8421746-397c-4776-bcce-cfdc988d0dbd,,2022-04-07 05:44:04.081,2022-04-07 05:44:04.081,40002,UTC+0200,3JD7PDJoKB,com.sec.android.app.shealth,2022-04-07 04:14:00.000,b6c28265-6a00-40b9-9c3a-927ea96290d7,
2022-04-14 13:32:00.000,8fc64f87-afc5-4a4c-9b01-726721eeb6c6,,2022-04-14 14:27:24.591,2022-04-14 14:27:24.591,40003,UTC+0200,3JD7PDJoKB,com.sec.android.app.shealth,2022-04-14 13:55:00.000,1967f55b-dc7e-4f66-8a0b-293cbecc2e2b,
2022-04-07 04:41:00.000,c8421746-397c-4776-bcce-cfdc988d0dbd,,2022-04-07 05:44:04.082,2022-04-07 05:44:04.082,40002,UTC+0200,3JD7PDJoKB,com.sec.android.app.shealth,2022-04-07 05:09:00.000,c0b2cef8-7c95-4416-a23a-a8724f211344,
2022-04-07 22:07:00.000,e9cff05c-9a39-4ebc-a69e-e540cd212ca3,,2022-04-08 05:51:03.658,2022-04-08 05:51:03.658,40002,UTC+0200,3JD7PDJoKB,com.sec.android.app.shealth,2022-04-07 22:19:00.000,74816d87-9393-40bf-8950-d7c599996286,
2022-04-16 15:47:00.000,6b397e4b-d423-4c83-b46c-f15a28b164d8,,2022-04-16 17:14:16.730,2022-04-16 17:14:16.730,40003,UTC+0200,3JD7PDJoKB,com.sec.android.app.shealth,2022-04-16 16:09:00.000,2051096e-bf3e-4602-b69f-8db3b394b22f,
2022-04-07 22:50:00.000,e9cff05c-9a39-4ebc-a69e-e540cd212ca3,,2022-04-08 05:51:03.659,2022-04-08 05:51:03.659,40001,UTC+0200,3JD7PDJoKB,com.sec.android.app.shealth,2022-04-07 22:51:00.000,7f2649b8-6bba-4ee6-8840-b339768e8bf5,
2022-04-07 23:19:00.000,e9cff05c-9a39-4ebc-a69e-e540cd212ca3,,2022-04-08 05:51:03.660,2022-04-08 05:51:03.660,40002,UTC+0200,3JD7PDJoKB,com.sec.android.app.shealth,2022-04-07 23:21:00.000,ead94c09-98a7-4cb9-acbf-09d99099a740,
2022-04-16 16:32:00.000,6b397e4b-d423-4c83-b46c-f15a28b164d8,,2022-04-16 17:14:16.735,2022-04-16 17:14:16.735,40001,UTC+0200,3JD7PDJoKB,com.sec.android.app.shealth,2022-04-16 16:56:00.000,4d57f7a6-edfa-40af-9af1-0325dbe213a6,
2022-04-08 00:24:00.000,e9cff05c-9a39-4ebc-a69e-e540cd212ca3,,2022-04-08 05:51:03.661,2022-04-08 05:51:03.661,40001,UTC+0200,3JD7PDJoKB,com.sec.android.app.shealth,2022-04-08 00:27:00.000,297a0004-0f95-48d4-9f79-3552072e48cd,
2022-04-08 01:03:00.000,e9cff05c-9a39-4ebc-a69e-e540cd212ca3,,2022-04-08 05:51:03.662,2022-04-08 05:51:03.662,40001,UTC+0200,3JD7PDJoKB,com.sec.android.app.shealth,2022-04-08 01:04:00.000,d5fc69b3-f01a-4787-972f-d06d6a942abc,
2022-04-17 13:11:00.000,de2b8434-64f0-4176-8d66-6a6f86c1f732,,2022-04-17 15:30:55.132,2022-04-17 15:30:55.132,40003,UTC+0200,3JD7PDJoKB,com.sec.android.app.shealth,2022-04-17 13:30:00.000,86f9911f-7bee-4ddc-91f4-839fa89f9a61,
2022-04-08 01:35:00.000,e9cff05c-9a39-4ebc-a69e-e540cd212ca3,,2022-04-08 05:51:03.663,2022-04-08 05:51:03.663,40004,UTC+0200,3JD7PDJoKB,com.sec.android.app.shealth,2022-04-08 01:53:00.000,1b70a38c-f6ac-484b-a868-e340683727fa,
2022-04-08 02:52:00.000,e9cff05c-9a39-4ebc-a69e-e540cd212ca3,,2022-04-08 05:51:03.663,2022-04-08 05:51:03.663,40001,UTC+0200,3JD7PDJoKB,com.sec.android.app.shealth,2022-04-08 02:53:00.000,3c60ed62-5911-468b-a107-5c1c46d2e05b,
2022-04-08 04:27:00.000,e9cff05c-9a39-4ebc-a69e-e540cd212ca3,,2022-04-08 05:51:03.664,2022-04-08 05:51:03.664,40003,UTC+0200,3JD7PDJoKB,com.sec.android.app.shealth,2022-04-08 04:28:00.000,8c8548b4-a309-445a-a493-63cd8b12ee08,
2022-04-08 04:46:00.000,e9cff05c-9a39-4ebc-a69e-e540cd212ca3,,2022-04-08 05:51:03.665,2022-04-08 05:51:03.665,40002,UTC+0200,3JD7PDJoKB,com.sec.android.app.shealth,2022-04-08 04:51:00.000,5e8e19ae-5764-4ca6-9854-9148f781350e,
2022-04-08 05:18:00.000,e9cff05c-9a39-4ebc-a69e-e540cd212ca3,,2022-04-08 05:51:03.666,2022-04-08 05:51:03.666,40001,UTC+0200,3JD7PDJoKB,com.sec.android.app.shealth,2022-04-08 05:20:00.000,5f2af268-63fc-4c80-a5c0-1cd1171a934a,
2022-04-09 20:49:00.000,692fec87-f8ba-4bfb-80d9-e9169f0045c9,,2022-04-09 23:17:33.731,2022-04-09 23:17:33.731,40002,UTC+0200,3JD7PDJoKB,com.sec.android.app.shealth,2022-04-09 21:14:00.000,a4b5c1c1-0e47-433b-bf82-42f089e601f2,
2022-04-17 14:05:00.000,de2b8434-64f0-4176-8d66-6a6f86c1f732,,2022-04-17 15:30:55.132,2022-04-17 15:30:55.132,40001,UTC+0200,3JD7PDJoKB,com.sec.android.app.shealth,2022-04-17 15:11:00.000,19c17806-9e4b-4dab-80ed-5003fe48ddaf,
2022-04-06 23:00:00.000,c8421746-397c-4776-bcce-cfdc988d0dbd,,2022-04-07 05:44:04.075,2022-04-07 05:44:04.075,40003,UTC+0200,3JD7PDJoKB,com.sec.android.app.shealth,2022-04-06 23:17:00.000,f2bce878-49fb-4066-9b60-3d7367e85dcb,
2022-04-09 21:48:00.000,692fec87-f8ba-4bfb-80d9-e9169f0045c9,,2022-04-09 23:17:33.731,2022-04-09 23:17:33.731,40002,UTC+0200,3JD7PDJoKB,com.sec.android.app.shealth,2022-04-09 22:19:00.000,c7750283-d357-43c6-9294-404bd73d7595,
2022-04-09 23:10:00.000,692fec87-f8ba-4bfb-80d9-e9169f0045c9,,2022-04-09 23:17:33.732,2022-04-09 23:17:33.732,40001,UTC+0200,3JD7PDJoKB,com.sec.android.app.shealth,2022-04-09 23:12:00.000,ad2a225b-88f9-42d8-b568-14e6942a3569,
2022-04-06 23:42:00.000,c8421746-397c-4776-bcce-cfdc988d0dbd,,2022-04-07 05:44:04.076,2022-04-07 05:44:04.076,40003,UTC+0200,3JD7PDJoKB,com.sec.android.app.shealth,2022-04-06 23:46:00.000,995caa53-1e78-4d1a-98db-9d5a0c1401eb,
2022-04-11 13:58:00.000,2c7a20e7-ad88-43b9-b56e-c683a0e601cb,,2022-04-11 15:49:12.498,2022-04-11 15:49:12.498,40002,UTC+0200,3JD7PDJoKB,com.sec.android.app.shealth,2022-04-11 14:05:00.000,d998239e-859b-45fd-aded-c1e13db8cde8,
2022-04-13 13:58:00.000,51be76e8-da94-42c0-99be-a95cabdc8eb4,,2022-04-13 14:42:20.315,2022-04-13 14:42:20.315,40001,UTC+0200,3JD7PDJoKB,com.sec.android.app.shealth,2022-04-13 13:59:00.000,1ac7f056-81c3-42cc-adb0-ff9d77f209a8,
2022-04-07 00:32:00.000,c8421746-397c-4776-bcce-cfdc988d0dbd,,2022-04-07 05:44:04.077,2022-04-07 05:44:04.077,40002,UTC+0200,3JD7PDJoKB,com.sec.android.app.shealth,2022-04-07 00:37:00.000,3ab3cf76-e203-4942-8f8d-b5e39ebe2f48,
2022-05-01 14:11:00.000,50fe2284-2ed2-447d-ba53-ed3a15d585ab,,2022-05-01 15:20:08.163,2022-05-01 15:20:08.163,40003,UTC+0200,3JD7PDJoKB,com.sec.android.app.shealth,2022-05-01 14:26:00.000,ac160938-ff4f-431f-9c45-174c0f6e4ac5,
2022-04-13 14:18:00.000,51be76e8-da94-42c0-99be-a95cabdc8eb4,,2022-04-13 14:42:20.316,2022-04-13 14:42:20.316,40004,UTC+0200,3JD7PDJoKB,com.sec.android.app.shealth,2022-04-13 14:32:00.000,f0139034-8f4a-4996-a0a5-c8fbfabda5f1,
2022-05-01 14:40:00.000,50fe2284-2ed2-447d-ba53-ed3a15d585ab,,2022-05-01 15:20:08.164,2022-05-01 15:20:08.164,40004,UTC+0200,3JD7PDJoKB,com.sec.android.app.shealth,2022-05-01 14:48:00.000,b3b8b3e2-551e-4279-b2a3-91cd821b2a0a,
2022-04-07 01:02:00.000,c8421746-397c-4776-bcce-cfdc988d0dbd,,2022-04-07 05:44:04.078,2022-04-07 05:44:04.078,40001,UTC+0200,3JD7PDJoKB,com.sec.android.app.shealth,2022-04-07 01:03:00.000,0c59b82c-0b7a-4cab-8bc0-2fec61cfebf6,
2022-05-07 14:45:00.000,f19b16fd-38e8-46a4-9b9d-901a2a8b3050,,2022-05-07 16:22:13.594,2022-05-07 16:22:13.594,40002,UTC+0200,3JD7PDJoKB,com.sec.android.app.shealth,2022-05-07 14:49:00.000,b04cc927-1d34-4b7e-9d7e-a6f28c116114,
2022-04-07 01:57:00.000,c8421746-397c-4776-bcce-cfdc988d0dbd,,2022-04-07 05:44:04.079,2022-04-07 05:44:04.079,40004,UTC+0200,3JD7PDJoKB,com.sec.android.app.shealth,2022-04-07 02:00:00.000,ff644bd3-21d6-4d67-94fc-50a2a3032a30,
2022-05-07 15:00:00.000,f19b16fd-38e8-46a4-9b9d-901a2a8b3050,,2022-05-07 16:22:13.603,2022-05-07 16:22:13.603,40004,UTC+0200,3JD7PDJoKB,com.sec.android.app.shealth,2022-05-07 15:02:00.000,233730dc-ccfc-499f-b8b2-80c89598be71,
2022-05-07 15:44:00.000,f19b16fd-38e8-46a4-9b9d-901a2a8b3050,,2022-05-07 16:22:13.604,2022-05-07 16:22:13.604,40002,UTC+0200,3JD7PDJoKB,com.sec.android.app.shealth,2022-05-07 15:46:00.000,dda2fab3-3598-4645-bf2f-08e6be3cc955,
2022-04-07 02:36:00.000,c8421746-397c-4776-bcce-cfdc988d0dbd,,2022-04-07 05:44:04.080,2022-04-07 05:44:04.080,40001,UTC+0200,3JD7PDJoKB,com.sec.android.app.shealth,2022-04-07 02:38:00.000,a010e56b-62cd-4e86-bd07-6eef12ba56e4,
2022-05-13 15:55:00.000,3698806f-882d-4df0-9add-93a669e6d599,,2022-05-13 16:43:17.354,2022-05-13 16:43:17.354,40002,UTC+0200,3JD7PDJoKB,com.sec.android.app.shealth,2022-05-13 16:26:00.000,4bb6d5c1-35b0-4bb9-aea2-92456f0316ea,
2022-05-19 13:54:00.000,ec9f60eb-80c4-4566-a62f-b0a32360cb32,,2022-05-19 14:42:10.852,2022-05-19 14:42:10.852,40001,UTC+0200,3JD7PDJoKB,com.sec.android.app.shealth,2022-05-19 13:56:00.000,99c0056e-8d71-4980-b7c2-4751d579be27,
2022-04-07 03:14:00.000,c8421746-397c-4776-bcce-cfdc988d0dbd,,2022-04-07 05:44:04.081,2022-04-07 05:44:04.081,40001,UTC+0200,3JD7PDJoKB,com.sec.android.app.shealth,2022-04-07 03:15:00.000,da967cc8-e8a8-4013-bf3b-974baae82581,
2022-05-21 12:51:00.000,0fbfd3d6-b6dc-46d0-9bb5-422b9700e34e,,2022-05-21 13:52:38.046,2022-05-21 13:52:38.046,40001,UTC+0200,3JD7PDJoKB,com.sec.android.app.shealth,2022-05-21 12:52:00.000,f0952e4d-873d-4f5b-91da-31b0c23f4f12,
2022-05-21 13:33:00.000,0fbfd3d6-b6dc-46d0-9bb5-422b9700e34e,,2022-05-21 13:52:38.052,2022-05-21 13:52:38.052,40002,UTC+0200,3JD7PDJoKB,com.sec.android.app.shealth,2022-05-21 13:34:00.000,3faf86b2-db55-4b4c-ac4b-1f018858a95b,
2022-04-07 04:14:00.000,c8421746-397c-4776-bcce-cfdc988d0dbd,,2022-04-07 05:44:04.081,2022-04-07 05:44:04.081,40001,UTC+0200,3JD7PDJoKB,com.sec.android.app.shealth,2022-04-07 04:15:00.000,9b39487b-cc3e-4e92-88b8-d1f3b89d3ba6,
2022-05-24 15:54:00.000,9ab50ae9-83b5-4877-96cf-9082858a18c1,,2022-05-24 16:43:53.890,2022-05-24 16:43:53.890,40002,UTC+0200,3JD7PDJoKB,com.sec.android.app.shealth,2022-05-24 16:06:00.000,4b175768-6f14-4282-aec3-c392db5f5a26,
2022-05-29 14:18:00.000,da9679b1-223d-4086-9012-7618532526cb,,2022-05-29 15:33:44.822,2022-05-29 15:33:44.822,40002,UTC+0200,3JD7PDJoKB,com.sec.android.app.shealth,2022-05-29 14:23:00.000,60f324e8-d71a-42c5-a092-4d4cdf1458f8,
2022-04-07 05:09:00.000,c8421746-397c-4776-bcce-cfdc988d0dbd,,2022-04-07 05:44:04.082,2022-04-07 05:44:04.082,40004,UTC+0200,3JD7PDJoKB,com.sec.android.app.shealth,2022-04-07 05:35:00.000,f8bb3d77-d2fe-4f5d-b09e-c3184e73890e,
2022-06-21 14:08:00.000,fe79ee2e-f313-40f0-a8a5-33f10c9bf156,,2022-06-21 15:30:31.142,2022-06-21 15:30:31.142,40001,UTC+0200,3JD7PDJoKB,com.sec.android.app.shealth,2022-06-21 14:09:00.000,29e60a03-8674-4d53-a1b6-4fdd86e5f582,
2022-04-14 13:55:00.000,8fc64f87-afc5-4a4c-9b01-726721eeb6c6,,2022-04-14 14:27:24.591,2022-04-14 14:27:24.591,40001,UTC+0200,3JD7PDJoKB,com.sec.android.app.shealth,2022-04-14 13:56:00.000,9b2b227c-2c5e-433b-8216-99f14642474d,
2022-06-21 14:55:00.000,fe79ee2e-f313-40f0-a8a5-33f10c9bf156,,2022-06-21 15:30:31.143,2022-06-21 15:30:31.143,40001,UTC+0200,3JD7PDJoKB,com.sec.android.app.shealth,2022-06-21 14:56:00.000,f81e7d5f-867c-4327-9de9-e3b4714a0b74,
2022-04-06 23:17:00.000,c8421746-397c-4776-bcce-cfdc988d0dbd,,2022-04-07 05:44:04.075,2022-04-07 05:44:04.075,40002,UTC+0200,3JD7PDJoKB,com.sec.android.app.shealth,2022-04-06 23:26:00.000,51cea0ad-06b5-44b5-a536-1b24cdbca23b,
2022-04-16 16:09:00.000,6b397e4b-d423-4c83-b46c-f15a28b164d8,,2022-04-16 17:14:16.731,2022-04-16 17:14:16.731,40001,UTC+0200,3JD7PDJoKB,com.sec.android.app.shealth,2022-04-16 16:10:00.000,143e9db6-9ee9-4787-b591-d0e40c2fceca,
2022-04-06 23:46:00.000,c8421746-397c-4776-bcce-cfdc988d0dbd,,2022-04-07 05:44:04.076,2022-04-07 05:44:04.076,40002,UTC+0200,3JD7PDJoKB,com.sec.android.app.shealth,2022-04-06 23:54:00.000,6cae3fd0-56c0-40ec-b1cf-2a26260de5c6,
2022-04-07 00:37:00.000,c8421746-397c-4776-bcce-cfdc988d0dbd,,2022-04-07 05:44:04.077,2022-04-07 05:44:04.077,40004,UTC+0200,3JD7PDJoKB,com.sec.android.app.shealth,2022-04-07 00:45:00.000,e299a286-7b3e-4350-af42-6abffa24d959,
2022-04-17 12:30:00.000,de2b8434-64f0-4176-8d66-6a6f86c1f732,,2022-04-17 15:30:55.131,2022-04-17 15:30:55.131,40002,UTC+0200,3JD7PDJoKB,com.sec.android.app.shealth,2022-04-17 12:34:00.000,2f709d9a-f9e7-4c6a-8fa2-8b71c3d46afb,
2022-04-07 01:03:00.000,c8421746-397c-4776-bcce-cfdc988d0dbd,,2022-04-07 05:44:04.078,2022-04-07 05:44:04.078,40002,UTC+0200,3JD7PDJoKB,com.sec.android.app.shealth,2022-04-07 01:25:00.000,e836d7de-006f-4e73-b30c-dc6d7e341948,
2022-04-07 02:00:00.000,c8421746-397c-4776-bcce-cfdc988d0dbd,,2022-04-07 05:44:04.079,2022-04-07 05:44:04.079,40001,UTC+0200,3JD7PDJoKB,com.sec.android.app.shealth,2022-04-07 02:02:00.000,343efa93-f341-481e-8890-26d21f063432,
2022-04-17 13:30:00.000,de2b8434-64f0-4176-8d66-6a6f86c1f732,,2022-04-17 15:30:55.132,2022-04-17 15:30:55.132,40002,UTC+0200,3JD7PDJoKB,com.sec.android.app.shealth,2022-04-17 13:42:00.000,a891a456-9a3d-4914-96fb-ea151e01920c,
2022-04-07 02:38:00.000,c8421746-397c-4776-bcce-cfdc988d0dbd,,2022-04-07 05:44:04.080,2022-04-07 05:44:04.080,40002,UTC+0200,3JD7PDJoKB,com.sec.android.app.shealth,2022-04-07 02:48:00.000,bcfb50f1-448c-4191-8762-ae6951ebb56d,
2022-04-07 22:19:00.000,e9cff05c-9a39-4ebc-a69e-e540cd212ca3,,2022-04-08 05:51:03.659,2022-04-08 05:51:03.659,40001,UTC+0200,3JD7PDJoKB,com.sec.android.app.shealth,2022-04-07 22:20:00.000,8e2f7a79-bb61-48af-9cbd-b75cd9233273,
2022-05-01 13:30:00.000,50fe2284-2ed2-447d-ba53-ed3a15d585ab,,2022-05-01 15:20:08.162,2022-05-01 15:20:08.162,40002,UTC+0200,3JD7PDJoKB,com.sec.android.app.shealth,2022-05-01 13:44:00.000,03a8f13f-6926-4372-a85a-ecc794ab2ee5,
2022-04-07 22:51:00.000,e9cff05c-9a39-4ebc-a69e-e540cd212ca3,,2022-04-08 05:51:03.659,2022-04-08 05:51:03.659,40002,UTC+0200,3JD7PDJoKB,com.sec.android.app.shealth,2022-04-07 23:05:00.000,fa1bea7b-6332-432e-a5d6-672c4a7a9514,
2022-05-01 14:26:00.000,50fe2284-2ed2-447d-ba53-ed3a15d585ab,,2022-05-01 15:20:08.163,2022-05-01 15:20:08.163,40002,UTC+0200,3JD7PDJoKB,com.sec.android.app.shealth,2022-05-01 14:27:00.000,95c672e5-5c19-4781-a2bb-d75e74ec2ce9,
2022-04-07 03:15:00.000,c8421746-397c-4776-bcce-cfdc988d0dbd,,2022-04-07 05:44:04.081,2022-04-07 05:44:04.081,40002,UTC+0200,3JD7PDJoKB,com.sec.android.app.shealth,2022-04-07 03:34:00.000,29876d2b-3171-4b21-89ff-b952fe6b9d5d,
2022-04-07 23:21:00.000,e9cff05c-9a39-4ebc-a69e-e540cd212ca3,,2022-04-08 05:51:03.660,2022-04-08 05:51:03.660,40004,UTC+0200,3JD7PDJoKB,com.sec.android.app.shealth,2022-04-07 23:35:00.000,45f626ab-05e3-403b-b8e2-be8b64dd9159,
2022-05-01 14:48:00.000,50fe2284-2ed2-447d-ba53-ed3a15d585ab,,2022-05-01 15:20:08.164,2022-05-01 15:20:08.164,40001,UTC+0200,3JD7PDJoKB,com.sec.android.app.shealth,2022-05-01 15:03:00.000,5db8225e-1d12-4f4e-812e-5b7bfb54d49c,
2022-04-07 04:15:00.000,c8421746-397c-4776-bcce-cfdc988d0dbd,,2022-04-07 05:44:04.082,2022-04-07 05:44:04.082,40002,UTC+0200,3JD7PDJoKB,com.sec.android.app.shealth,2022-04-07 04:22:00.000,e28911fc-c36c-42a6-a14e-06f57b9f78d3,
2022-05-07 14:49:00.000,f19b16fd-38e8-46a4-9b9d-901a2a8b3050,,2022-05-07 16:22:13.594,2022-05-07 16:22:13.594,40003,UTC+0200,3JD7PDJoKB,com.sec.android.app.shealth,2022-05-07 14:54:00.000,326e5a4e-4048-4c67-815b-0dbdf1205567,
2022-04-08 00:27:00.000,e9cff05c-9a39-4ebc-a69e-e540cd212ca3,,2022-04-08 05:51:03.661,2022-04-08 05:51:03.661,40002,UTC+0200,3JD7PDJoKB,com.sec.android.app.shealth,2022-04-08 00:38:00.000,915ea9cc-b99e-4956-b46d-0662e9ecf467,
2022-04-07 05:35:00.000,c8421746-397c-4776-bcce-cfdc988d0dbd,,2022-04-07 05:44:04.082,2022-04-07 05:44:04.082,40001,UTC+0200,3JD7PDJoKB,com.sec.android.app.shealth,2022-04-07 05:37:00.000,3303ade2-934c-4d7a-afd5-8749d9cae0be,
2022-05-07 15:02:00.000,f19b16fd-38e8-46a4-9b9d-901a2a8b3050,,2022-05-07 16:22:13.603,2022-05-07 16:22:13.603,40001,UTC+0200,3JD7PDJoKB,com.sec.android.app.shealth,2022-05-07 15:08:00.000,d4753e1b-e89f-4afb-b560-fa0926b2e72f,
2022-04-07 22:20:00.000,e9cff05c-9a39-4ebc-a69e-e540cd212ca3,,2022-04-08 05:51:03.659,2022-04-08 05:51:03.659,40002,UTC+0200,3JD7PDJoKB,com.sec.android.app.shealth,2022-04-07 22:32:00.000,e45cf554-852c-4161-a27f-2bb27454c927,
2022-05-07 15:46:00.000,f19b16fd-38e8-46a4-9b9d-901a2a8b3050,,2022-05-07 16:22:13.604,2022-05-07 16:22:13.604,40001,UTC+0200,3JD7PDJoKB,com.sec.android.app.shealth,2022-05-07 16:04:00.000,1f7bd0e8-719b-42a6-a893-b906ce3299eb,
2022-05-13 16:26:00.000,3698806f-882d-4df0-9add-93a669e6d599,,2022-05-13 16:43:17.354,2022-05-13 16:43:17.354,40003,UTC+0200,3JD7PDJoKB,com.sec.android.app.shealth,2022-05-13 16:36:00.000,039b2acf-e9ae-4058-a752-f65626fc9fee,
2022-04-08 01:04:00.000,e9cff05c-9a39-4ebc-a69e-e540cd212ca3,,2022-04-08 05:51:03.662,2022-04-08 05:51:03.662,40002,UTC+0200,3JD7PDJoKB,com.sec.android.app.shealth,2022-04-08 01:24:00.000,7e21433d-03a5-430f-bb76-8bf0394fcefc,
2022-04-07 23:05:00.000,e9cff05c-9a39-4ebc-a69e-e540cd212ca3,,2022-04-08 05:51:03.660,2022-04-08 05:51:03.660,40003,UTC+0200,3JD7PDJoKB,com.sec.android.app.shealth,2022-04-07 23:13:00.000,be7e6c98-a2bf-4315-8bff-04bed23285dc,
2022-05-19 13:56:00.000,ec9f60eb-80c4-4566-a62f-b0a32360cb32,,2022-05-19 14:42:10.852,2022-05-19 14:42:10.852,40002,UTC+0200,3JD7PDJoKB,com.sec.android.app.shealth,2022-05-19 14:08:00.000,cf1077c8-cb8a-429e-9bce-151bf2b44bd6,
2022-05-21 12:52:00.000,0fbfd3d6-b6dc-46d0-9bb5-422b9700e34e,,2022-05-21 13:52:38.046,2022-05-21 13:52:38.046,40002,UTC+0200,3JD7PDJoKB,com.sec.android.app.shealth,2022-05-21 13:12:00.000,cd6b8f41-ad57-4d81-91c1-eb7939ffb493,
2022-05-21 13:34:00.000,0fbfd3d6-b6dc-46d0-9bb5-422b9700e34e,,2022-05-21 13:52:38.052,2022-05-21 13:52:38.052,40001,UTC+0200,3JD7PDJoKB,com.sec.android.app.shealth,2022-05-21 13:48:00.000,d3abc751-ae52-41d6-8bb0-b56e29a05ea0,
2022-04-07 23:35:00.000,e9cff05c-9a39-4ebc-a69e-e540cd212ca3,,2022-04-08 05:51:03.660,2022-04-08 05:51:03.660,40001,UTC+0200,3JD7PDJoKB,com.sec.android.app.shealth,2022-04-07 23:36:00.000,3f41fac8-a957-4c13-91dd-badc6fce71dc,
2022-04-08 00:38:00.000,e9cff05c-9a39-4ebc-a69e-e540cd212ca3,,2022-04-08 05:51:03.661,2022-04-08 05:51:03.661,40004,UTC+0200,3JD7PDJoKB,com.sec.android.app.shealth,2022-04-08 00:44:00.000,40c25e54-3efe-4270-a127-cca3133225cc,
2022-04-08 01:53:00.000,e9cff05c-9a39-4ebc-a69e-e540cd212ca3,,2022-04-08 05:51:03.663,2022-04-08 05:51:03.663,40002,UTC+0200,3JD7PDJoKB,com.sec.android.app.shealth,2022-04-08 01:55:00.000,9e4971fa-d664-4f51-966d-be2f1a667ac5,
2022-05-24 16:06:00.000,9ab50ae9-83b5-4877-96cf-9082858a18c1,,2022-05-24 16:43:53.890,2022-05-24 16:43:53.890,40001,UTC+0200,3JD7PDJoKB,com.sec.android.app.shealth,2022-05-24 16:39:00.000,dc57968d-ccf5-4afe-954d-3a318794a47f,
2022-04-08 02:53:00.000,e9cff05c-9a39-4ebc-a69e-e540cd212ca3,,2022-04-08 05:51:03.663,2022-04-08 05:51:03.663,40002,UTC+0200,3JD7PDJoKB,com.sec.android.app.shealth,2022-04-08 02:54:00.000,888c49c6-0084-4650-b2cd-44afa30897dc,
2022-04-08 04:28:00.000,e9cff05c-9a39-4ebc-a69e-e540cd212ca3,,2022-04-08 05:51:03.664,2022-04-08 05:51:03.664,40001,UTC+0200,3JD7PDJoKB,com.sec.android.app.shealth,2022-04-08 04:30:00.000,b12d9254-2428-4fe1-8b33-f0096f5dcec4,
2022-04-08 01:24:00.000,e9cff05c-9a39-4ebc-a69e-e540cd212ca3,,2022-04-08 05:51:03.662,2022-04-08 05:51:03.662,40001,UTC+0200,3JD7PDJoKB,com.sec.android.app.shealth,2022-04-08 01:25:00.000,028c4457-609b-4635-99c9-49880abb5dc3,
2022-04-08 04:51:00.000,e9cff05c-9a39-4ebc-a69e-e540cd212ca3,,2022-04-08 05:51:03.665,2022-04-08 05:51:03.665,40004,UTC+0200,3JD7PDJoKB,com.sec.android.app.shealth,2022-04-08 04:56:00.000,7a4a9640-a4e7-4532-bd66-efbb71b89ce1,
2022-05-29 14:23:00.000,da9679b1-223d-4086-9012-7618532526cb,,2022-05-29 15:33:44.822,2022-05-29 15:33:44.822,40004,UTC+0200,3JD7PDJoKB,com.sec.android.app.shealth,2022-05-29 14:44:00.000,f3ba93d3-59e4-44a1-bc06-ca127f6ec789,
2022-04-08 01:55:00.000,e9cff05c-9a39-4ebc-a69e-e540cd212ca3,,2022-04-08 05:51:03.663,2022-04-08 05:51:03.663,40004,UTC+0200,3JD7PDJoKB,com.sec.android.app.shealth,2022-04-08 01:56:00.000,a97160a0-247b-43b2-8b8a-ad7129ff6e41,
2022-04-08 05:20:00.000,e9cff05c-9a39-4ebc-a69e-e540cd212ca3,,2022-04-08 05:51:03.666,2022-04-08 05:51:03.666,40002,UTC+0200,3JD7PDJoKB,com.sec.android.app.shealth,2022-04-08 05:35:00.000,1f82ba01-8550-4b96-984c-fa25c5c2b492,
2022-04-08 02:54:00.000,e9cff05c-9a39-4ebc-a69e-e540cd212ca3,,2022-04-08 05:51:03.664,2022-04-08 05:51:03.664,40004,UTC+0200,3JD7PDJoKB,com.sec.android.app.shealth,2022-04-08 03:37:00.000,f862df27-e719-4969-928e-1d03fc2f10e1,
2022-04-08 04:30:00.000,e9cff05c-9a39-4ebc-a69e-e540cd212ca3,,2022-04-08 05:51:03.664,2022-04-08 05:51:03.664,40002,UTC+0200,3JD7PDJoKB,com.sec.android.app.shealth,2022-04-08 04:35:00.000,8d4320e1-8a0a-4f52-b493-5ed8c67e79f5,
2022-04-09 21:14:00.000,692fec87-f8ba-4bfb-80d9-e9169f0045c9,,2022-04-09 23:17:33.731,2022-04-09 23:17:33.731,40003,UTC+0200,3JD7PDJoKB,com.sec.android.app.shealth,2022-04-09 21:27:00.000,8610309e-a355-49af-8f02-f743d1ca3233,
2022-04-08 04:56:00.000,e9cff05c-9a39-4ebc-a69e-e540cd212ca3,,2022-04-08 05:51:03.665,2022-04-08 05:51:03.665,40001,UTC+0200,3JD7PDJoKB,com.sec.android.app.shealth,2022-04-08 04:57:00.000,af64b912-94a1-4544-9d6d-4f3ce2b487d4,
2022-04-08 05:35:00.000,e9cff05c-9a39-4ebc-a69e-e540cd212ca3,,2022-04-08 05:51:03.666,2022-04-08 05:51:03.666,40004,UTC+0200,3JD7PDJoKB,com.sec.android.app.shealth,2022-04-08 05:38:00.000,7a4f6c91-e8c6-407c-8a7b-dc6d66860937,
2022-04-09 22:19:00.000,692fec87-f8ba-4bfb-80d9-e9169f0045c9,,2022-04-09 23:17:33.731,2022-04-09 23:17:33.731,40001,UTC+0200,3JD7PDJoKB,com.sec.android.app.shealth,2022-04-09 22:20:00.000,b4dcf9ca-b87e-4380-8702-21f00d3a127d,
2022-06-21 14:09:00.000,fe79ee2e-f313-40f0-a8a5-33f10c9bf156,,2022-06-21 15:30:31.142,2022-06-21 15:30:31.142,40002,UTC+0200,3JD7PDJoKB,com.sec.android.app.shealth,2022-06-21 14:24:00.000,9afedb4e-a101-4117-ac72-deae4b654c44,
2022-04-09 21:27:00.000,692fec87-f8ba-4bfb-80d9-e9169f0045c9,,2022-04-09 23:17:33.731,2022-04-09 23:17:33.731,40001,UTC+0200,3JD7PDJoKB,com.sec.android.app.shealth,2022-04-09 21:28:00.000,a4ca6688-3e63-49cf-8569-b59019e8874c,
2022-04-09 22:20:00.000,692fec87-f8ba-4bfb-80d9-e9169f0045c9,,2022-04-09 23:17:33.732,2022-04-09 23:17:33.732,40002,UTC+0200,3JD7PDJoKB,com.sec.android.app.shealth,2022-04-09 22:50:00.000,b17cedf7-57d7-446f-8c2d-cd6f3590b810,
2022-04-11 13:12:00.000,2c7a20e7-ad88-43b9-b56e-c683a0e601cb,,2022-04-11 15:49:12.497,2022-04-11 15:49:12.497,40002,UTC+0200,3JD7PDJoKB,com.sec.android.app.shealth,2022-04-11 13:16:00.000,19f176e3-b00d-45dc-b418-2d3f681727b1,
2022-04-11 13:16:00.000,2c7a20e7-ad88-43b9-b56e-c683a0e601cb,,2022-04-11 15:49:12.497,2022-04-11 15:49:12.497,40001,UTC+0200,3JD7PDJoKB,com.sec.android.app.shealth,2022-04-11 13:17:00.000,ddaa1e89-7462-441e-9f19-33358148c165,
2022-04-11 14:21:00.000,2c7a20e7-ad88-43b9-b56e-c683a0e601cb,,2022-04-11 15:49:12.498,2022-04-11 15:49:12.498,40001,UTC+0200,3JD7PDJoKB,com.sec.android.app.shealth,2022-04-11 14:48:00.000,ae8a143a-efda-45ac-973c-e495f0b3bba1,
2022-06-21 14:56:00.000,fe79ee2e-f313-40f0-a8a5-33f10c9bf156,,2022-06-21 15:30:31.144,2022-06-21 15:30:31.144,40002,UTC+0200,3JD7PDJoKB,com.sec.android.app.shealth,2022-06-21 15:08:00.000,76456f76-5e78-457a-86f6-b168f9f3e5a4,
2022-04-11 14:05:00.000,2c7a20e7-ad88-43b9-b56e-c683a0e601cb,,2022-04-11 15:49:12.498,2022-04-11 15:49:12.498,40004,UTC+0200,3JD7PDJoKB,com.sec.android.app.shealth,2022-04-11 14:21:00.000,889f6205-bfc5-4dd9-947e-71475c41d9d8,
2022-04-13 14:01:00.000,51be76e8-da94-42c0-99be-a95cabdc8eb4,,2022-04-13 14:42:20.315,2022-04-13 14:42:20.315,40001,UTC+0200,3JD7PDJoKB,com.sec.android.app.shealth,2022-04-13 14:03:00.000,ea61985c-0e57-4a4e-bc85-c43cc79c90db,
2022-04-14 12:47:00.000,8fc64f87-afc5-4a4c-9b01-726721eeb6c6,,2022-04-14 14:27:24.591,2022-04-14 14:27:24.591,40002,UTC+0200,3JD7PDJoKB,com.sec.android.app.shealth,2022-04-14 13:18:00.000,f385a833-e1c7-4908-8284-127f3ec4c10e,
2022-04-13 13:59:00.000,51be76e8-da94-42c0-99be-a95cabdc8eb4,,2022-04-13 14:42:20.315,2022-04-13 14:42:20.315,40002,UTC+0200,3JD7PDJoKB,com.sec.android.app.shealth,2022-04-13 14:01:00.000,6a4b21c5-1e35-44da-a5ed-20a76de91c68,
2022-04-14 14:02:00.000,8fc64f87-afc5-4a4c-9b01-726721eeb6c6,,2022-04-14 14:27:24.591,2022-04-14 14:27:24.591,40004,UTC+0200,3JD7PDJoKB,com.sec.android.app.shealth,2022-04-14 14:09:00.000,0ff50ae7-f059-405a-bac2-9d2634421d1c,
2022-04-06 23:26:00.000,c8421746-397c-4776-bcce-cfdc988d0dbd,,2022-04-07 05:44:04.076,2022-04-07 05:44:04.076,40001,UTC+0200,3JD7PDJoKB,com.sec.android.app.shealth,2022-04-06 23:27:00.000,cfc24516-18c2-4c00-87fe-dd5aa5bcd9ed,
2022-04-16 16:13:00.000,6b397e4b-d423-4c83-b46c-f15a28b164d8,,2022-04-16 17:14:16.733,2022-04-16 17:14:16.733,40001,UTC+0200,3JD7PDJoKB,com.sec.android.app.shealth,2022-04-16 16:14:00.000,979b7da9-5c2a-4e3c-bf38-8cfe998a97a7,
2022-04-13 14:32:00.000,51be76e8-da94-42c0-99be-a95cabdc8eb4,,2022-04-13 14:42:20.316,2022-04-13 14:42:20.316,40001,UTC+0200,3JD7PDJoKB,com.sec.android.app.shealth,2022-04-13 14:35:00.000,976fd2a8-2421-42ce-9291-b0da54590ee5,
2022-04-17 12:36:00.000,de2b8434-64f0-4176-8d66-6a6f86c1f732,,2022-04-17 15:30:55.132,2022-04-17 15:30:55.132,40002,UTC+0200,3JD7PDJoKB,com.sec.android.app.shealth,2022-04-17 12:46:00.000,6f4c88f9-00ac-4b69-a17c-1a9462a6e441,
2022-04-14 13:56:00.000,8fc64f87-afc5-4a4c-9b01-726721eeb6c6,,2022-04-14 14:27:24.591,2022-04-14 14:27:24.591,40002,UTC+0200,3JD7PDJoKB,com.sec.android.app.shealth,2022-04-14 14:02:00.000,57d572a9-5f51-4719-89bb-16ebd11a86f8,
2022-04-17 13:43:00.000,de2b8434-64f0-4176-8d66-6a6f86c1f732,,2022-04-17 15:30:55.132,2022-04-17 15:30:55.132,40002,UTC+0200,3JD7PDJoKB,com.sec.android.app.shealth,2022-04-17 13:52:00.000,69bed241-0342-4a4a-92d5-4bbcfcfeb4ef,
2022-04-16 16:10:00.000,6b397e4b-d423-4c83-b46c-f15a28b164d8,,2022-04-16 17:14:16.732,2022-04-16 17:14:16.732,40002,UTC+0200,3JD7PDJoKB,com.sec.android.app.shealth,2022-04-16 16:13:00.000,b1169367-fa47-4355-b447-8b58d556434d,
2022-05-01 13:47:00.000,50fe2284-2ed2-447d-ba53-ed3a15d585ab,,2022-05-01 15:20:08.163,2022-05-01 15:20:08.163,40002,UTC+0200,3JD7PDJoKB,com.sec.android.app.shealth,2022-05-01 13:58:00.000,2032908b-6f67-44a1-b3bc-45328f1d9b2e,
2022-04-06 23:54:00.000,c8421746-397c-4776-bcce-cfdc988d0dbd,,2022-04-07 05:44:04.076,2022-04-07 05:44:04.076,40003,UTC+0200,3JD7PDJoKB,com.sec.android.app.shealth,2022-04-07 00:28:00.000,83b2d6a2-2432-4826-a57e-1fcefb03271e,
2022-05-01 14:30:00.000,50fe2284-2ed2-447d-ba53-ed3a15d585ab,,2022-05-01 15:20:08.163,2022-05-01 15:20:08.163,40001,UTC+0200,3JD7PDJoKB,com.sec.android.app.shealth,2022-05-01 14:31:00.000,2b022107-c75e-4052-b946-263f7e09690b,
2022-04-17 12:34:00.000,de2b8434-64f0-4176-8d66-6a6f86c1f732,,2022-04-17 15:30:55.132,2022-04-17 15:30:55.132,40001,UTC+0200,3JD7PDJoKB,com.sec.android.app.shealth,2022-04-17 12:36:00.000,cfbdbaeb-b8e0-4f23-b043-8cdf4dbd8458,
2022-05-01 15:04:00.000,50fe2284-2ed2-447d-ba53-ed3a15d585ab,,2022-05-01 15:20:08.164,2022-05-01 15:20:08.164,40001,UTC+0200,3JD7PDJoKB,com.sec.android.app.shealth,2022-05-01 15:15:00.000,48a60ace-e6d9-49f4-bb92-3691696b61bf,
2022-05-07 14:57:00.000,f19b16fd-38e8-46a4-9b9d-901a2a8b3050,,2022-05-07 16:22:13.603,2022-05-07 16:22:13.603,40002,UTC+0200,3JD7PDJoKB,com.sec.android.app.shealth,2022-05-07 14:58:00.000,eaeafaa1-66c1-434a-9661-6d8aee0aee9c,
2022-04-17 13:42:00.000,de2b8434-64f0-4176-8d66-6a6f86c1f732,,2022-04-17 15:30:55.132,2022-04-17 15:30:55.132,40001,UTC+0200,3JD7PDJoKB,com.sec.android.app.shealth,2022-04-17 13:43:00.000,1d4b4994-06e2-460a-b819-a45038d12b98,
2022-05-07 15:23:00.000,f19b16fd-38e8-46a4-9b9d-901a2a8b3050,,2022-05-07 16:22:13.603,2022-05-07 16:22:13.603,40001,UTC+0200,3JD7PDJoKB,com.sec.android.app.shealth,2022-05-07 15:38:00.000,6f119431-5b90-4cbf-9ab0-a2a538d3273c,
2022-05-01 13:44:00.000,50fe2284-2ed2-447d-ba53-ed3a15d585ab,,2022-05-01 15:20:08.162,2022-05-01 15:20:08.162,40001,UTC+0200,3JD7PDJoKB,com.sec.android.app.shealth,2022-05-01 13:47:00.000,dc5696b4-c82f-4449-84e3-a31eb353b562,
2022-05-13 15:44:00.000,3698806f-882d-4df0-9add-93a669e6d599,,2022-05-13 16:43:17.354,2022-05-13 16:43:17.354,40001,UTC+0200,3JD7PDJoKB,com.sec.android.app.shealth,2022-05-13 15:47:00.000,7639ea5c-5930-418e-b6f2-2c704114565b,
2022-04-07 00:45:00.000,c8421746-397c-4776-bcce-cfdc988d0dbd,,2022-04-07 05:44:04.077,2022-04-07 05:44:04.077,40001,UTC+0200,3JD7PDJoKB,com.sec.android.app.shealth,2022-04-07 00:46:00.000,8d7a36a0-f018-49f9-8850-47a4593a3607,
2022-05-19 13:20:00.000,ec9f60eb-80c4-4566-a62f-b0a32360cb32,,2022-05-19 14:42:10.851,2022-05-19 14:42:10.851,40002,UTC+0200,3JD7PDJoKB,com.sec.android.app.shealth,2022-05-19 13:33:00.000,012ffef6-9dba-4b1d-a8ef-bc41700f35e6,
2022-05-01 14:27:00.000,50fe2284-2ed2-447d-ba53-ed3a15d585ab,,2022-05-01 15:20:08.163,2022-05-01 15:20:08.163,40004,UTC+0200,3JD7PDJoKB,com.sec.android.app.shealth,2022-05-01 14:30:00.000,60c2872b-3f9c-40fb-b76c-27b3c72d668d,
2022-05-20 08:57:00.000,e063d3f9-a9d8-4438-b9b5-11484a78225a,,2022-05-20 10:09:13.380,2022-05-20 10:09:13.380,40002,UTC+0200,3JD7PDJoKB,com.sec.android.app.shealth,2022-05-20 09:40:00.000,ebe6722f-5f88-40ba-8110-a22a40432c6e,
2022-05-21 13:21:00.000,0fbfd3d6-b6dc-46d0-9bb5-422b9700e34e,,2022-05-21 13:52:38.051,2022-05-21 13:52:38.051,40001,UTC+0200,3JD7PDJoKB,com.sec.android.app.shealth,2022-05-21 13:22:00.000,f43b78ef-7d54-44d3-bdfb-fef57d0d499f,
2022-05-01 15:03:00.000,50fe2284-2ed2-447d-ba53-ed3a15d585ab,,2022-05-01 15:20:08.164,2022-05-01 15:20:08.164,40002,UTC+0200,3JD7PDJoKB,com.sec.android.app.shealth,2022-05-01 15:04:00.000,ac2f37c1-ea0c-4f35-8e66-a8025e463494,
2022-05-24 15:15:00.000,9ab50ae9-83b5-4877-96cf-9082858a18c1,,2022-05-24 16:43:53.889,2022-05-24 16:43:53.889,40003,UTC+0200,3JD7PDJoKB,com.sec.android.app.shealth,2022-05-24 15:29:00.000,0f0a8151-a14b-4da3-8a89-41592ee53246,
2022-04-07 01:25:00.000,c8421746-397c-4776-bcce-cfdc988d0dbd,,2022-04-07 05:44:04.078,2022-04-07 05:44:04.078,40001,UTC+0200,3JD7PDJoKB,com.sec.android.app.shealth,2022-04-07 01:26:00.000,5575303b-ea70-4e88-ac0f-002d6657a362,
2022-05-07 14:54:00.000,f19b16fd-38e8-46a4-9b9d-901a2a8b3050,,2022-05-07 16:22:13.603,2022-05-07 16:22:13.603,40004,UTC+0200,3JD7PDJoKB,com.sec.android.app.shealth,2022-05-07 14:57:00.000,c73deb96-67ed-461f-90c0-0c3fb0b407e0,
2022-05-29 13:53:00.000,da9679b1-223d-4086-9012-7618532526cb,,2022-05-29 15:33:44.821,2022-05-29 15:33:44.821,40003,UTC+0200,3JD7PDJoKB,com.sec.android.app.shealth,2022-05-29 14:15:00.000,0f323fb5-798b-46d9-92ce-051cc6e2d0ff,
2022-05-29 14:56:00.000,da9679b1-223d-4086-9012-7618532526cb,,2022-05-29 15:33:44.823,2022-05-29 15:33:44.823,40002,UTC+0200,3JD7PDJoKB,com.sec.android.app.shealth,2022-05-29 14:58:00.000,68462d0d-f731-4ed4-805a-9edac6fe43da,
2022-05-07 15:08:00.000,f19b16fd-38e8-46a4-9b9d-901a2a8b3050,,2022-05-07 16:22:13.603,2022-05-07 16:22:13.603,40002,UTC+0200,3JD7PDJoKB,com.sec.android.app.shealth,2022-05-07 15:23:00.000,c9c4c44f-0bbc-4ef7-bfb4-26bfbf035749,
2022-06-21 14:25:00.000,fe79ee2e-f313-40f0-a8a5-33f10c9bf156,,2022-06-21 15:30:31.142,2022-06-21 15:30:31.142,40002,UTC+0200,3JD7PDJoKB,com.sec.android.app.shealth,2022-06-21 14:49:00.000,fb54e878-f1d4-4300-9251-50a2569f90f2,
2022-06-21 15:11:00.000,fe79ee2e-f313-40f0-a8a5-33f10c9bf156,,2022-06-21 15:30:31.146,2022-06-21 15:30:31.146,40001,UTC+0200,3JD7PDJoKB,com.sec.android.app.shealth,2022-06-21 15:20:00.000,c5df2c6b-eaf4-42b4-a025-57ca69db8414,
2022-05-13 15:28:00.000,3698806f-882d-4df0-9add-93a669e6d599,,2022-05-13 16:43:17.353,2022-05-13 16:43:17.353,40002,UTC+0200,3JD7PDJoKB,com.sec.android.app.shealth,2022-05-13 15:44:00.000,c3c67129-c82d-464b-8d3c-015708d2c348,
2022-04-07 02:02:00.000,c8421746-397c-4776-bcce-cfdc988d0dbd,,2022-04-07 05:44:04.079,2022-04-07 05:44:04.079,40002,UTC+0200,3JD7PDJoKB,com.sec.android.app.shealth,2022-04-07 02:06:00.000,261773a2-9dd7-4d2a-ad01-2471d4d033ec,
2022-05-13 16:36:00.000,3698806f-882d-4df0-9add-93a669e6d599,,2022-05-13 16:43:17.354,2022-05-13 16:43:17.354,40001,UTC+0200,3JD7PDJoKB,com.sec.android.app.shealth,2022-05-13 16:39:00.000,07f81eae-3e31-4342-b3d1-e092b87e4b8f,
2022-04-07 02:48:00.000,c8421746-397c-4776-bcce-cfdc988d0dbd,,2022-04-07 05:44:04.080,2022-04-07 05:44:04.080,40001,UTC+0200,3JD7PDJoKB,com.sec.android.app.shealth,2022-04-07 02:49:00.000,5e57c17d-a907-4416-a798-5194a5cae36d,
2022-04-07 03:34:00.000,c8421746-397c-4776-bcce-cfdc988d0dbd,,2022-04-07 05:44:04.081,2022-04-07 05:44:04.081,40004,UTC+0200,3JD7PDJoKB,com.sec.android.app.shealth,2022-04-07 03:35:00.000,07b495cb-7460-4cd4-b5ca-d27191972582,
2022-05-19 14:08:00.000,ec9f60eb-80c4-4566-a62f-b0a32360cb32,,2022-05-19 14:42:10.852,2022-05-19 14:42:10.852,40001,UTC+0200,3JD7PDJoKB,com.sec.android.app.shealth,2022-05-19 14:23:00.000,d5e98f13-1bf9-400c-ac1b-1d87e8692b52,
2022-04-07 04:22:00.000,c8421746-397c-4776-bcce-cfdc988d0dbd,,2022-04-07 05:44:04.082,2022-04-07 05:44:04.082,40001,UTC+0200,3JD7PDJoKB,com.sec.android.app.shealth,2022-04-07 04:23:00.000,71fa8f6b-75ea-4e10-8f44-451efb6989db,
2022-05-21 13:12:00.000,0fbfd3d6-b6dc-46d0-9bb5-422b9700e34e,,2022-05-21 13:52:38.051,2022-05-21 13:52:38.051,40003,UTC+0200,3JD7PDJoKB,com.sec.android.app.shealth,2022-05-21 13:21:00.000,81c4af5b-e1b6-434d-8fcd-12cece62df1e,
2022-04-07 21:22:00.000,e9cff05c-9a39-4ebc-a69e-e540cd212ca3,,2022-04-08 05:51:03.658,2022-04-08 05:51:03.658,40002,UTC+0200,3JD7PDJoKB,com.sec.android.app.shealth,2022-04-07 21:45:00.000,32001821-fddc-41e3-89aa-b270c6feb0e2,
2022-04-07 22:32:00.000,e9cff05c-9a39-4ebc-a69e-e540cd212ca3,,2022-04-08 05:51:03.659,2022-04-08 05:51:03.659,40003,UTC+0200,3JD7PDJoKB,com.sec.android.app.shealth,2022-04-07 22:45:00.000,2261d82e-587c-4017-9cff-e180ca21ee20,
2022-05-24 14:52:00.000,9ab50ae9-83b5-4877-96cf-9082858a18c1,,2022-05-24 16:43:53.889,2022-05-24 16:43:53.889,40002,UTC+0200,3JD7PDJoKB,com.sec.android.app.shealth,2022-05-24 15:15:00.000,98db3adb-057f-4a0e-9a43-22f20bf23dd4,
2022-04-07 23:13:00.000,e9cff05c-9a39-4ebc-a69e-e540cd212ca3,,2022-04-08 05:51:03.660,2022-04-08 05:51:03.660,40001,UTC+0200,3JD7PDJoKB,com.sec.android.app.shealth,2022-04-07 23:14:00.000,a37e01cf-d610-4583-ba3b-b74b678bfa99,
2022-05-29 13:39:00.000,da9679b1-223d-4086-9012-7618532526cb,,2022-05-29 15:33:44.821,2022-05-29 15:33:44.821,40002,UTC+0200,3JD7PDJoKB,com.sec.android.app.shealth,2022-05-29 13:53:00.000,7b617939-4564-43af-8bb9-bc23681ec5d2,
2022-04-07 23:36:00.000,e9cff05c-9a39-4ebc-a69e-e540cd212ca3,,2022-04-08 05:51:03.660,2022-04-08 05:51:03.660,40004,UTC+0200,3JD7PDJoKB,com.sec.android.app.shealth,2022-04-07 23:37:00.000,5d863077-834a-4e74-a832-34426a09b386,
2022-04-08 00:44:00.000,e9cff05c-9a39-4ebc-a69e-e540cd212ca3,,2022-04-08 05:51:03.661,2022-04-08 05:51:03.661,40002,UTC+0200,3JD7PDJoKB,com.sec.android.app.shealth,2022-04-08 00:45:00.000,af0d534e-815d-4919-9676-961f0e8fc3ce,
2022-05-29 14:44:00.000,da9679b1-223d-4086-9012-7618532526cb,,2022-05-29 15:33:44.823,2022-05-29 15:33:44.823,40001,UTC+0200,3JD7PDJoKB,com.sec.android.app.shealth,2022-05-29 14:56:00.000,cc64d78a-377a-4996-8ab6-800f4addc26c,
2022-04-08 01:25:00.000,e9cff05c-9a39-4ebc-a69e-e540cd212ca3,,2022-04-08 05:51:03.662,2022-04-08 05:51:03.662,40002,UTC+0200,3JD7PDJoKB,com.sec.android.app.shealth,2022-04-08 01:32:00.000,56e0b0cb-20b1-4b8c-b021-a7217d7661dc,
2022-04-08 01:56:00.000,e9cff05c-9a39-4ebc-a69e-e540cd212ca3,,2022-04-08 05:51:03.663,2022-04-08 05:51:03.663,40002,UTC+0200,3JD7PDJoKB,com.sec.android.app.shealth,2022-04-08 02:43:00.000,c03c6e7a-5e4f-4638-a986-f9ef43c1f63e,
2022-06-21 14:24:00.000,fe79ee2e-f313-40f0-a8a5-33f10c9bf156,,2022-06-21 15:30:31.142,2022-06-21 15:30:31.142,40001,UTC+0200,3JD7PDJoKB,com.sec.android.app.shealth,2022-06-21 14:25:00.000,86f5cb1a-6b2f-4927-ad73-e683e6e0534d,
2022-04-08 03:37:00.000,e9cff05c-9a39-4ebc-a69e-e540cd212ca3,,2022-04-08 05:51:03.664,2022-04-08 05:51:03.664,40002,UTC+0200,3JD7PDJoKB,com.sec.android.app.shealth,2022-04-08 03:43:00.000,75ba1352-4e32-4091-8e0d-9d6076c69277,
2022-06-21 15:08:00.000,fe79ee2e-f313-40f0-a8a5-33f10c9bf156,,2022-06-21 15:30:31.145,2022-06-21 15:30:31.145,40004,UTC+0200,3JD7PDJoKB,com.sec.android.app.shealth,2022-06-21 15:11:00.000,61355495-003f-45d3-9b9b-ceb70b233ad4,
2022-04-08 04:35:00.000,e9cff05c-9a39-4ebc-a69e-e540cd212ca3,,2022-04-08 05:51:03.665,2022-04-08 05:51:03.665,40001,UTC+0200,3JD7PDJoKB,com.sec.android.app.shealth,2022-04-08 04:36:00.000,2e41218f-0e8e-4b8b-b328-ea30c4dc290a,
2022-04-08 04:57:00.000,e9cff05c-9a39-4ebc-a69e-e540cd212ca3,,2022-04-08 05:51:03.665,2022-04-08 05:51:03.665,40004,UTC+0200,3JD7PDJoKB,com.sec.android.app.shealth,2022-04-08 05:12:00.000,61242609-d939-4862-8c3e-8ab796a3764b,
2022-04-08 05:38:00.000,e9cff05c-9a39-4ebc-a69e-e540cd212ca3,,2022-04-08 05:51:03.666,2022-04-08 05:51:03.666,40001,UTC+0200,3JD7PDJoKB,com.sec.android.app.shealth,2022-04-08 05:49:00.000,bdc718cc-4b29-4c39-bbd8-55c0617cc8a3,
2022-04-09 21:28:00.000,692fec87-f8ba-4bfb-80d9-e9169f0045c9,,2022-04-09 23:17:33.731,2022-04-09 23:17:33.731,40002,UTC+0200,3JD7PDJoKB,com.sec.android.app.shealth,2022-04-09 21:30:00.000,269acac3-9b6e-467c-abb9-8349b769dbf3,
2022-04-09 22:50:00.000,692fec87-f8ba-4bfb-80d9-e9169f0045c9,,2022-04-09 23:17:33.732,2022-04-09 23:17:33.732,40004,UTC+0200,3JD7PDJoKB,com.sec.android.app.shealth,2022-04-09 22:56:00.000,699eaf5a-0436-465b-84c5-91df063b6e23,
2022-04-11 13:17:00.000,2c7a20e7-ad88-43b9-b56e-c683a0e601cb,,2022-04-11 15:49:12.497,2022-04-11 15:49:12.497,40002,UTC+0200,3JD7PDJoKB,com.sec.android.app.shealth,2022-04-11 13:26:00.000,85c0583b-0dce-4d27-a4ff-05c3530874e0,
2022-04-13 13:00:00.000,51be76e8-da94-42c0-99be-a95cabdc8eb4,,2022-04-13 14:42:20.314,2022-04-13 14:42:20.314,40002,UTC+0200,3JD7PDJoKB,com.sec.android.app.shealth,2022-04-13 13:21:00.000,fab0f9b7-67ac-47ab-af9d-6bf56abf1599,
2022-04-13 14:03:00.000,51be76e8-da94-42c0-99be-a95cabdc8eb4,,2022-04-13 14:42:20.315,2022-04-13 14:42:20.315,40002,UTC+0200,3JD7PDJoKB,com.sec.android.app.shealth,2022-04-13 14:07:00.000,1587a2f7-986e-4cbb-b6c2-b002b98d51f4,
2022-04-14 13:18:00.000,8fc64f87-afc5-4a4c-9b01-726721eeb6c6,,2022-04-14 14:27:24.591,2022-04-14 14:27:24.591,40001,UTC+0200,3JD7PDJoKB,com.sec.android.app.shealth,2022-04-14 13:20:00.000,8c798391-02fb-4cf2-b56e-2dcc0b3e4dd2,
2022-04-14 14:09:00.000,8fc64f87-afc5-4a4c-9b01-726721eeb6c6,,2022-04-14 14:27:24.591,2022-04-14 14:27:24.591,40001,UTC+0200,3JD7PDJoKB,com.sec.android.app.shealth,2022-04-14 14:27:00.000,5d5df712-be0f-438d-98c2-43cc28ad8d1f,
2022-04-16 16:14:00.000,6b397e4b-d423-4c83-b46c-f15a28b164d8,,2022-04-16 17:14:16.734,2022-04-16 17:14:16.734,40002,UTC+0200,3JD7PDJoKB,com.sec.android.app.shealth,2022-04-16 16:19:00.000,c6bf3276-1a86-474e-8b32-6177a4b3b64b,
2022-04-17 12:46:00.000,de2b8434-64f0-4176-8d66-6a6f86c1f732,,2022-04-17 15:30:55.132,2022-04-17 15:30:55.132,40003,UTC+0200,3JD7PDJoKB,com.sec.android.app.shealth,2022-04-17 13:03:00.000,d3260205-a637-4951-b60b-26571e7c7f0c,
2022-04-17 13:52:00.000,de2b8434-64f0-4176-8d66-6a6f86c1f732,,2022-04-17 15:30:55.132,2022-04-17 15:30:55.132,40001,UTC+0200,3JD7PDJoKB,com.sec.android.app.shealth,2022-04-17 14:00:00.000,410edfec-387a-4853-8559-cb3643c3bc6e,
2022-05-01 13:58:00.000,50fe2284-2ed2-447d-ba53-ed3a15d585ab,,2022-05-01 15:20:08.163,2022-05-01 15:20:08.163,40003,UTC+0200,3JD7PDJoKB,com.sec.android.app.shealth,2022-05-01 14:01:00.000,c38b0ec5-af6a-48e1-b979-7a4033c193b0,
2022-05-01 14:31:00.000,50fe2284-2ed2-447d-ba53-ed3a15d585ab,,2022-05-01 15:20:08.164,2022-05-01 15:20:08.164,40004,UTC+0200,3JD7PDJoKB,com.sec.android.app.shealth,2022-05-01 14:37:00.000,b555e636-a899-4b58-bd78-371003598ebe,
2022-05-07 14:24:00.000,f19b16fd-38e8-46a4-9b9d-901a2a8b3050,,2022-05-07 16:22:13.594,2022-05-07 16:22:13.594,40002,UTC+0200,3JD7PDJoKB,com.sec.android.app.shealth,2022-05-07 14:36:00.000,81b00687-7034-4245-828d-50462f85202c,
2022-05-07 14:58:00.000,f19b16fd-38e8-46a4-9b9d-901a2a8b3050,,2022-05-07 16:22:13.603,2022-05-07 16:22:13.603,40004,UTC+0200,3JD7PDJoKB,com.sec.android.app.shealth,2022-05-07 14:59:00.000,3a4559e3-b49b-4b21-9c24-42ea1a7f2f4c,
2022-05-07 15:38:00.000,f19b16fd-38e8-46a4-9b9d-901a2a8b3050,,2022-05-07 16:22:13.604,2022-05-07 16:22:13.604,40002,UTC+0200,3JD7PDJoKB,com.sec.android.app.shealth,2022-05-07 15:43:00.000,90c20205-3766-4ad6-8a92-0a5596b95198,
2022-05-13 15:47:00.000,3698806f-882d-4df0-9add-93a669e6d599,,2022-05-13 16:43:17.354,2022-05-13 16:43:17.354,40002,UTC+0200,3JD7PDJoKB,com.sec.android.app.shealth,2022-05-13 15:48:00.000,901fb944-b45f-4ed3-9314-e91e85b41688,
2022-05-19 13:33:00.000,ec9f60eb-80c4-4566-a62f-b0a32360cb32,,2022-05-19 14:42:10.851,2022-05-19 14:42:10.851,40003,UTC+0200,3JD7PDJoKB,com.sec.android.app.shealth,2022-05-19 13:44:00.000,13fcade2-a31d-446e-9b86-d7b43819714e,
2022-05-20 09:40:00.000,e063d3f9-a9d8-4438-b9b5-11484a78225a,,2022-05-20 10:09:13.380,2022-05-20 10:09:13.380,40003,UTC+0200,3JD7PDJoKB,com.sec.android.app.shealth,2022-05-20 09:58:00.000,26ebac24-8f62-42a7-9fdb-1a46e0bf05f7,
2022-05-21 13:22:00.000,0fbfd3d6-b6dc-46d0-9bb5-422b9700e34e,,2022-05-21 13:52:38.052,2022-05-21 13:52:38.052,40004,UTC+0200,3JD7PDJoKB,com.sec.android.app.shealth,2022-05-21 13:26:00.000,10007b5d-f347-4a3f-b387-bb60a46169bd,
2022-05-24 15:29:00.000,9ab50ae9-83b5-4877-96cf-9082858a18c1,,2022-05-24 16:43:53.889,2022-05-24 16:43:53.889,40002,UTC+0200,3JD7PDJoKB,com.sec.android.app.shealth,2022-05-24 15:51:00.000,8fe12310-d3c4-490b-b6ea-f032c8d4c467,
2022-05-29 14:15:00.000,da9679b1-223d-4086-9012-7618532526cb,,2022-05-29 15:33:44.821,2022-05-29 15:33:44.821,40002,UTC+0200,3JD7PDJoKB,com.sec.android.app.shealth,2022-05-29 14:17:00.000,dc43255c-797b-4e25-8db4-f6db59db22cc,
2022-05-29 14:58:00.000,da9679b1-223d-4086-9012-7618532526cb,,2022-05-29 15:33:44.823,2022-05-29 15:33:44.823,40001,UTC+0200,3JD7PDJoKB,com.sec.android.app.shealth,2022-05-29 15:16:00.000,4aebc940-8d3f-4c79-92a6-a7c5c248f0f9,
2022-06-21 14:49:00.000,fe79ee2e-f313-40f0-a8a5-33f10c9bf156,,2022-06-21 15:30:31.143,2022-06-21 15:30:31.143,40003,UTC+0200,3JD7PDJoKB,com.sec.android.app.shealth,2022-06-21 14:54:00.000,0e62ad54-ff0d-40b2-9f4c-82f7bbbb84eb,
