com.samsung.shealth.calories_burned.details,6212007,2
active_calories_goal,version,extra_data,com.samsung.shealth.calories_burned.tef_calorie,com.samsung.shealth.calories_burned.active_time,com.samsung.shealth.calories_burned.rest_calorie,com.samsung.shealth.calories_burned.update_time,com.samsung.shealth.calories_burned.create_time,com.samsung.shealth.calories_burned.active_calorie,com.samsung.shealth.calories_burned.deviceuuid,com.samsung.shealth.calories_burned.pkg_name,com.samsung.shealth.calories_burned.datauuid,com.samsung.shealth.calories_burned.day_time
,,901d2e48-503a-434d-b609-f8fac744f4f6.extra_data.json,0.0,0,1846.3379,2022-04-05 09:42:23.241,2022-04-05 09:11:18.814,0.0,3JD7PDJoKB,com.sec.android.app.shealth,901d2e48-503a-434d-b609-f8fac744f4f6,1647043200000,
,,d91c208e-a234-428f-b71b-105afcee9a8b.extra_data.json,154.40001,1199210,1815.113,2022-04-26 19:40:54.358,2022-04-05 09:11:18.556,80.96001,3JD7PDJoKB,com.sec.android.app.shealth,d91c208e-a234-428f-b71b-105afcee9a8b,1649116800000,
,,b7849737-c6a7-4577-aee3-d5a352d50149.extra_data.json,0.0,0,1846.3379,2022-04-05 09:42:23.223,2022-04-05 09:11:18.802,0.0,3JD7PDJoKB,com.sec.android.app.shealth,b7849737-c6a7-4577-aee3-d5a352d50149,1646870400000,
,,e6edfa03-ae70-49b5-8910-46c65b363e01.extra_data.json,0.0,0,1846.3379,2022-04-05 09:42:23.232,2022-04-05 09:11:18.808,0.0,3JD7PDJoKB,com.sec.android.app.shealth,e6edfa03-ae70-49b5-8910-46c65b363e01,1646956800000,
,,16572527-0c99-4d65-8aef-5b8ac27492b8.extra_data.json,0.0,0,1846.3379,2022-04-05 09:42:23.287,2022-04-05 09:11:18.843,0.0,3JD7PDJoKB,com.sec.android.app.shealth,16572527-0c99-4d65-8aef-5b8ac27492b8,1647561600000,
,,e5b561ff-9452-46b8-9aee-b13fe2a9a2a2.extra_data.json,0.0,0,1846.3379,2022-04-05 09:42:23.257,2022-04-05 09:11:18.823,0.0,3JD7PDJoKB,com.sec.android.app.shealth,e5b561ff-9452-46b8-9aee-b13fe2a9a2a2,1647216000000,
,,bed602fe-5c3e-4e7b-b0e0-356045341a6a.extra_data.json,0.0,0,1846.3379,2022-04-05 09:42:23.215,2022-04-05 09:11:18.798,0.0,3JD7PDJoKB,com.sec.android.app.shealth,bed602fe-5c3e-4e7b-b0e0-356045341a6a,1646784000000,
,,fa608655-2da6-4822-8384-65dc55c7f38f.extra_data.json,0.0,0,1846.3379,2022-04-05 09:42:23.247,2022-04-05 09:11:18.817,0.0,3JD7PDJoKB,com.sec.android.app.shealth,fa608655-2da6-4822-8384-65dc55c7f38f,1647129600000,
,,1a52bf23-88f1-40e1-b8c9-e07f802e1345.extra_data.json,0.0,0,1846.3379,2022-04-05 09:42:23.280,2022-04-05 09:11:18.837,0.0,3JD7PDJoKB,com.sec.android.app.shealth,1a52bf23-88f1-40e1-b8c9-e07f802e1345,1647475200000,
,,28eaef45-b57f-43c2-97f2-1dabc70cd53e.extra_data.json,0.0,0,1846.3379,2022-04-05 09:42:23.300,2022-04-05 09:11:18.859,0.0,3JD7PDJoKB,com.sec.android.app.shealth,28eaef45-b57f-43c2-97f2-1dabc70cd53e,1647734400000,
,,e897dd45-51c4-4579-a6a8-1480236b7a86.extra_data.json,0.0,0,1846.3379,2022-04-05 09:42:23.273,2022-04-05 09:11:18.832,0.0,3JD7PDJoKB,com.sec.android.app.shealth,e897dd45-51c4-4579-a6a8-1480236b7a86,1647388800000,
,,d4f6fa57-405d-4d03-a666-6de91740a3a8.extra_data.json,0.0,0,1846.3379,2022-04-05 09:42:23.327,2022-04-05 09:11:18.883,0.0,3JD7PDJoKB,com.sec.android.app.shealth,d4f6fa57-405d-4d03-a666-6de91740a3a8,1648080000000,
,,58673d03-3585-4672-abde-4f6ac66af4a1.extra_data.json,0.0,0,1846.3379,2022-04-05 09:42:23.263,2022-04-05 09:11:18.829,0.0,3JD7PDJoKB,com.sec.android.app.shealth,58673d03-3585-4672-abde-4f6ac66af4a1,1647302400000,
,,2c4bcc7b-002a-40ee-aa28-f540255cedb3.extra_data.json,0.0,0,1846.3379,2022-04-05 09:42:23.294,2022-04-05 09:11:18.846,0.0,3JD7PDJoKB,com.sec.android.app.shealth,2c4bcc7b-002a-40ee-aa28-f540255cedb3,1647648000000,
,,4fcce791-d269-4ceb-97ab-b460fa8ce020.extra_data.json,0.0,0,1846.3379,2022-04-05 09:42:23.320,2022-04-05 09:11:18.879,0.0,3JD7PDJoKB,com.sec.android.app.shealth,4fcce791-d269-4ceb-97ab-b460fa8ce020,1647993600000,
,,d32fd116-f483-461c-ac83-ab07d51608c0.extra_data.json,0.0,0,1846.3379,2022-04-05 09:42:23.346,2022-04-05 09:11:18.898,0.0,3JD7PDJoKB,com.sec.android.app.shealth,d32fd116-f483-461c-ac83-ab07d51608c0,1648252800000,
,,fa14ede3-7820-477e-ac16-25edafdfea43.extra_data.json,0.0,0,1846.3379,2022-04-05 09:42:23.314,2022-04-05 09:11:18.870,0.0,3JD7PDJoKB,com.sec.android.app.shealth,fa14ede3-7820-477e-ac16-25edafdfea43,1647907200000,
,,6d6b56d7-3712-4295-a29f-1bd91eaf2738.extra_data.json,0.0,0,1846.3379,2022-04-05 09:42:23.308,2022-04-05 09:11:18.863,0.0,3JD7PDJoKB,com.sec.android.app.shealth,6d6b56d7-3712-4295-a29f-1bd91eaf2738,1647820800000,
,,eef09a2c-7c71-406c-ae91-bcfe84d239c3.extra_data.json,0.0,0,1847.6776,2022-04-23 00:42:35.055,2022-04-05 09:11:18.930,0.0,3JD7PDJoKB,com.sec.android.app.shealth,eef09a2c-7c71-406c-ae91-bcfe84d239c3,1648512000000,
,,45af7d39-1472-407b-86c2-47ac43d39e3d.extra_data.json,0.0,0,1842.0007,2022-04-26 19:40:53.864,2022-04-05 09:11:18.944,0.0,3JD7PDJoKB,com.sec.android.app.shealth,45af7d39-1472-407b-86c2-47ac43d39e3d,1648598400000,
,,8244a0b9-0dc0-4506-9893-93e7f17cb421.extra_data.json,0.0,0,1842.0007,2022-04-26 19:40:54.240,2022-04-05 09:11:18.960,0.0,3JD7PDJoKB,com.sec.android.app.shealth,8244a0b9-0dc0-4506-9893-93e7f17cb421,1648771200000,
,,96703bab-ad3d-4e2b-b462-0fbcfd93f27f.extra_data.json,0.0,0,1846.3379,2022-04-05 09:42:23.336,2022-04-05 09:11:18.893,0.0,3JD7PDJoKB,com.sec.android.app.shealth,96703bab-ad3d-4e2b-b462-0fbcfd93f27f,1648166400000,
,,c00cf1f7-ffef-4f81-8433-394e82ee7352.extra_data.json,0.0,0,1847.6776,2022-04-23 00:42:34.679,2022-04-05 09:11:18.918,0.0,3JD7PDJoKB,com.sec.android.app.shealth,c00cf1f7-ffef-4f81-8433-394e82ee7352,1648425600000,
,,1de9cba8-18cf-4d3b-bb34-8b684a73011f.extra_data.json,0.0,0,1847.6776,2022-04-23 00:42:34.347,2022-04-05 09:11:18.911,0.0,3JD7PDJoKB,com.sec.android.app.shealth,1de9cba8-18cf-4d3b-bb34-8b684a73011f,1648339200000,
,,55748f6c-a255-4cfc-8579-4c90837c51d7.extra_data.json,0.0,0,1842.0007,2022-04-26 19:40:54.333,2022-04-05 09:11:18.978,0.0,3JD7PDJoKB,com.sec.android.app.shealth,55748f6c-a255-4cfc-8579-4c90837c51d7,1649030400000,
,,a76bed96-82a6-4596-9c83-dc3815aba83c.extra_data.json,0.0,0,1842.0007,2022-04-26 19:40:54.084,2022-04-05 09:11:18.947,0.0,3JD7PDJoKB,com.sec.android.app.shealth,a76bed96-82a6-4596-9c83-dc3815aba83c,1648684800000,
,,b9d25f75-96aa-4162-bfde-6a107725ded6.extra_data.json,0.0,0,1846.3379,2022-04-05 09:42:23.314,2022-04-01 13:57:47.822,0.0,3JD7PDJoKB,com.sec.android.app.shealth,b9d25f75-96aa-4162-bfde-6a107725ded6,1647907200000,
,,84709051-e69c-4a76-a621-20fde69f529c.extra_data.json,0.0,0,1842.0007,2022-04-26 19:40:54.310,2022-04-05 09:11:18.970,0.0,3JD7PDJoKB,com.sec.android.app.shealth,84709051-e69c-4a76-a621-20fde69f529c,1648944000000,
,,6db9b71b-158b-41c3-886d-c86fd151dabe.extra_data.json,0.0,0,1846.3379,2022-04-05 09:42:23.263,2022-04-01 13:57:47.756,0.0,3JD7PDJoKB,com.sec.android.app.shealth,6db9b71b-158b-41c3-886d-c86fd151dabe,1647302400000,
,,1e78182d-9d2d-4622-9339-85ba8fa5829a.extra_data.json,0.0,0,1842.0007,2022-04-26 19:40:54.268,2022-04-05 09:11:18.964,0.0,3JD7PDJoKB,com.sec.android.app.shealth,1e78182d-9d2d-4622-9339-85ba8fa5829a,1648857600000,
,,2bbddb2f-8430-4d36-a449-20bbd6d05ac0.extra_data.json,0.0,0,1846.3379,2022-04-05 09:42:23.247,2022-04-01 13:57:47.741,0.0,3JD7PDJoKB,com.sec.android.app.shealth,2bbddb2f-8430-4d36-a449-20bbd6d05ac0,1647129600000,
,,90d8260f-2bbb-42d7-99b1-ff0bb9e601e9.extra_data.json,0.0,0,1846.3379,2022-04-05 09:42:23.336,2022-04-01 13:57:47.844,0.0,3JD7PDJoKB,com.sec.android.app.shealth,90d8260f-2bbb-42d7-99b1-ff0bb9e601e9,1648166400000,
,,7f98cdf6-0fc1-4ad9-96e1-c019b7851779.extra_data.json,0.0,0,1846.3379,2022-04-05 09:42:23.308,2022-04-01 13:57:47.815,0.0,3JD7PDJoKB,com.sec.android.app.shealth,7f98cdf6-0fc1-4ad9-96e1-c019b7851779,1647820800000,
,,8bdbdf71-064a-4de5-8241-2323e81b36a4.extra_data.json,0.0,0,1842.0007,2022-04-26 19:40:54.084,2022-04-01 13:57:47.900,0.0,3JD7PDJoKB,com.sec.android.app.shealth,8bdbdf71-064a-4de5-8241-2323e81b36a4,1648684800000,
,,aa766752-7ee1-4ca2-a8f8-c1bcdb9c1b27.extra_data.json,0.0,0,1847.6776,2022-04-23 00:42:34.347,2022-04-01 13:57:47.859,0.0,3JD7PDJoKB,com.sec.android.app.shealth,aa766752-7ee1-4ca2-a8f8-c1bcdb9c1b27,1648339200000,
,,42d5128e-1c4a-4e4b-be8a-2961b89be84c.extra_data.json,0.0,0,1846.3379,2022-04-05 09:42:23.294,2022-04-01 13:57:47.799,0.0,3JD7PDJoKB,com.sec.android.app.shealth,42d5128e-1c4a-4e4b-be8a-2961b89be84c,1647648000000,
,,38c1d469-ac44-4ef7-a607-be24508567cb.extra_data.json,0.0,0,1846.3379,2022-04-05 09:42:23.287,2022-04-01 13:57:47.782,0.0,3JD7PDJoKB,com.sec.android.app.shealth,38c1d469-ac44-4ef7-a607-be24508567cb,1647561600000,
,,8d622a5a-794a-4973-b802-8c4949d12253.extra_data.json,0.0,0,1655.7799,2022-04-01 13:57:47.693,2022-04-01 13:57:47.693,0.0,3JD7PDJoKB,com.sec.android.app.shealth,8d622a5a-794a-4973-b802-8c4949d12253,1646611200000,
,,f037ea41-e444-4cc2-940e-36de6fc1c706.extra_data.json,0.0,0,1847.6776,2022-04-23 00:42:34.679,2022-04-01 13:57:47.868,0.0,3JD7PDJoKB,com.sec.android.app.shealth,f037ea41-e444-4cc2-940e-36de6fc1c706,1648425600000,
,,9f2119f7-a5cd-489a-86b9-9ab2f6df6d8c.extra_data.json,0.0,0,1655.7799,2022-04-01 13:57:47.706,2022-04-01 13:57:47.706,0.0,3JD7PDJoKB,com.sec.android.app.shealth,9f2119f7-a5cd-489a-86b9-9ab2f6df6d8c,1646697600000,
,,ebbc208d-001b-44e5-9a07-59dbc070eafc.extra_data.json,0.0,0,1842.0007,2022-04-26 19:40:54.240,2022-04-01 13:57:46.966,0.0,3JD7PDJoKB,com.sec.android.app.shealth,ebbc208d-001b-44e5-9a07-59dbc070eafc,1648771200000,
,,48a8d2f7-2d6d-4d7a-a6c6-7f6a18ca6f4f.extra_data.json,0.0,0,1846.3379,2022-04-05 09:42:23.280,2022-04-01 13:57:47.773,0.0,3JD7PDJoKB,com.sec.android.app.shealth,48a8d2f7-2d6d-4d7a-a6c6-7f6a18ca6f4f,1647475200000,
,,b1e83e6a-7edd-4777-8966-3d428fc8b6f3.extra_data.json,0.0,0,1846.3379,2022-04-05 09:42:23.320,2022-04-01 13:57:47.829,0.0,3JD7PDJoKB,com.sec.android.app.shealth,b1e83e6a-7edd-4777-8966-3d428fc8b6f3,1647993600000,
,,5ed35c8a-63cd-4fd3-9cc7-62e84570a9c0.extra_data.json,0.0,0,1847.6776,2022-04-23 00:42:35.055,2022-04-01 13:57:47.880,0.0,3JD7PDJoKB,com.sec.android.app.shealth,5ed35c8a-63cd-4fd3-9cc7-62e84570a9c0,1648512000000,
,,a0850f79-84b1-48f2-8d9a-98e767e4c54f.extra_data.json,0.0,0,1846.3379,2022-04-05 09:42:23.215,2022-04-01 13:57:47.714,0.0,3JD7PDJoKB,com.sec.android.app.shealth,a0850f79-84b1-48f2-8d9a-98e767e4c54f,1646784000000,
,,e3b727dd-87b3-4bf5-9e73-4a309b0dc4ea.extra_data.json,0.0,0,1846.3379,2022-04-05 09:42:23.232,2022-04-01 13:57:47.728,0.0,3JD7PDJoKB,com.sec.android.app.shealth,e3b727dd-87b3-4bf5-9e73-4a309b0dc4ea,1646956800000,
,,d109082b-ec99-4252-84d3-66330d1b44e5.extra_data.json,0.0,0,1846.3379,2022-04-05 09:42:23.223,2022-04-01 13:57:47.722,0.0,3JD7PDJoKB,com.sec.android.app.shealth,d109082b-ec99-4252-84d3-66330d1b44e5,1646870400000,
,,4fa615ce-13ac-4949-bf30-3079b6d6b674.extra_data.json,0.0,0,1842.0007,2022-04-26 19:40:53.864,2022-04-01 13:57:47.889,0.0,3JD7PDJoKB,com.sec.android.app.shealth,4fa615ce-13ac-4949-bf30-3079b6d6b674,1648598400000,
,,75cd2a65-e20b-42fe-99b1-c5b265252bea.extra_data.json,0.0,0,1846.3379,2022-04-05 09:42:23.346,2022-04-01 13:57:47.852,0.0,3JD7PDJoKB,com.sec.android.app.shealth,75cd2a65-e20b-42fe-99b1-c5b265252bea,1648252800000,
,,f0358e69-06a1-4e59-9538-6f3828074f34.extra_data.json,0.0,0,1846.3379,2022-04-05 09:42:23.300,2022-04-01 13:57:47.808,0.0,3JD7PDJoKB,com.sec.android.app.shealth,f0358e69-06a1-4e59-9538-6f3828074f34,1647734400000,
,,bc705075-5b97-4749-ad5f-b38d467efe1d.extra_data.json,0.0,0,1655.7799,2022-04-01 13:57:47.685,2022-04-01 13:57:47.685,0.0,3JD7PDJoKB,com.sec.android.app.shealth,bc705075-5b97-4749-ad5f-b38d467efe1d,1646524800000,
,,e47a49f4-ad04-4546-ab0d-cde0a13be7e3.extra_data.json,0.0,0,1655.7799,2022-04-01 13:57:47.673,2022-04-01 13:57:47.673,0.0,3JD7PDJoKB,com.sec.android.app.shealth,e47a49f4-ad04-4546-ab0d-cde0a13be7e3,1646438400000,
,,5317a673-75c4-4cfb-8f55-7dd878053266.extra_data.json,0.0,0,1846.3379,2022-04-05 09:42:23.241,2022-04-01 13:57:47.734,0.0,3JD7PDJoKB,com.sec.android.app.shealth,5317a673-75c4-4cfb-8f55-7dd878053266,1647043200000,
,,8ef5e195-7c20-4f48-952e-7db4dc38adea.extra_data.json,0.0,0,1846.3379,2022-04-05 09:42:23.257,2022-04-01 13:57:47.748,0.0,3JD7PDJoKB,com.sec.android.app.shealth,8ef5e195-7c20-4f48-952e-7db4dc38adea,1647216000000,
,,426f99cc-d1b4-4c30-a4ba-c1f59bc85981.extra_data.json,0.0,0,1846.3379,2022-04-05 09:42:23.273,2022-04-01 13:57:47.763,0.0,3JD7PDJoKB,com.sec.android.app.shealth,426f99cc-d1b4-4c30-a4ba-c1f59bc85981,1647388800000,
,,e99c918b-a35a-413f-8970-3566e2628e29.extra_data.json,0.0,0,1846.3379,2022-04-05 09:42:23.327,2022-04-01 13:57:47.837,0.0,3JD7PDJoKB,com.sec.android.app.shealth,e99c918b-a35a-413f-8970-3566e2628e29,1648080000000,
,,5132b2aa-cf07-4595-9329-85506d210a1a.extra_data.json,331.1,9674296,1634.5602,2022-04-26 19:40:54.447,2022-04-07 22:00:02.016,1128.9388,3JD7PDJoKB,com.sec.android.app.shealth,5132b2aa-cf07-4595-9329-85506d210a1a,1649376000000,
,,f6c9be2c-c885-4376-a082-0af8c11691e0.extra_data.json,135.40001,5832862,1716.398,2022-04-26 19:40:54.401,2022-04-06 22:00:00.706,369.3902,3JD7PDJoKB,com.sec.android.app.shealth,f6c9be2c-c885-4376-a082-0af8c11691e0,1649289600000,
,,faeb7052-3400-4774-9c2b-9c12d404e3cf.extra_data.json,134.6,6722639,1697.4421,2022-04-26 19:40:54.553,2022-04-09 22:48:38.922,541.3049,3JD7PDJoKB,com.sec.android.app.shealth,faeb7052-3400-4774-9c2b-9c12d404e3cf,1649548800000,
,,7720ed76-6cac-4103-8827-bf8154fa8336.extra_data.json,220.1,11400567,1597.7838,2022-04-26 19:40:54.593,2022-04-10 22:00:01.515,1250.8794,3JD7PDJoKB,com.sec.android.app.shealth,7720ed76-6cac-4103-8827-bf8154fa8336,1649635200000,
,,a4cf3021-5ffe-4d2e-bdf5-5f4755396915.extra_data.json,286.1,14287212,1536.2869,2022-04-26 19:40:54.377,2022-04-05 22:00:01.111,1195.6252,3JD7PDJoKB,com.sec.android.app.shealth,a4cf3021-5ffe-4d2e-bdf5-5f4755396915,1649203200000,
,,e8f5971b-9664-462c-a2a4-b78a73881876.extra_data.json,172.7,4334109,1748.3273,2022-04-26 19:40:54.508,2022-04-08 22:00:00.384,289.1692,3JD7PDJoKB,com.sec.android.app.shealth,e8f5971b-9664-462c-a2a4-b78a73881876,1649462400000,
,,b5bbe9de-a9fe-43fb-bfea-2779130760af.extra_data.json,99.1,2048723,1797.0151,2022-04-26 19:40:55.071,2022-04-13 22:00:01.540,170.44348,3JD7PDJoKB,com.sec.android.app.shealth,b5bbe9de-a9fe-43fb-bfea-2779130760af,1649894400000,
,,d72d2dc2-8b5d-490b-9723-2b0e85432742.extra_data.json,0.0,1151314,1816.1334,2022-04-26 19:40:55.198,2022-04-15 22:00:00.851,72.3715,3JD7PDJoKB,com.sec.android.app.shealth,d72d2dc2-8b5d-490b-9723-2b0e85432742,1650067200000,
,,1d2e74fa-9aa9-40d1-a606-9b3cbe7d5028.extra_data.json,147.8,14823443,1524.8632,2022-04-26 19:40:54.969,2022-04-12 22:00:02.150,1552.0779,3JD7PDJoKB,com.sec.android.app.shealth,1d2e74fa-9aa9-40d1-a606-9b3cbe7d5028,1649808000000,
,,cbc2eb31-72d5-42a3-a904-4990a02caf65.extra_data.json,0.0,2020836,1797.6093,2022-04-26 19:40:55.231,2022-04-16 22:00:00.627,130.43369,3JD7PDJoKB,com.sec.android.app.shealth,cbc2eb31-72d5-42a3-a904-4990a02caf65,1650153600000,
,,855925dd-93cd-471b-bebc-a31cb601918f.extra_data.json,104.200005,7577970,1679.2203,2022-04-26 19:40:54.777,2022-04-11 22:00:00.588,472.0115,3JD7PDJoKB,com.sec.android.app.shealth,855925dd-93cd-471b-bebc-a31cb601918f,1649721600000,
,,4cf86261-a986-4f0b-953b-543f1f9e2405.extra_data.json,0.0,15959610,1500.6583,2022-04-26 19:40:55.367,2022-04-19 22:00:00.785,1568.6367,3JD7PDJoKB,com.sec.android.app.shealth,4cf86261-a986-4f0b-953b-543f1f9e2405,1650412800000,
,,6ab77ffc-f0d9-4706-b66e-2d9bfdfc7034.extra_data.json,228.8,9070011,1647.434,2022-04-26 19:40:55.155,2022-04-14 22:00:00.698,1195.5088,3JD7PDJoKB,com.sec.android.app.shealth,6ab77ffc-f0d9-4706-b66e-2d9bfdfc7034,1649980800000,
,,f7b0ac0b-d5e7-455d-825a-1010f2b9dd51.extra_data.json,0.0,12705151,1571.1338,2022-04-26 19:40:55.574,2022-04-21 22:00:01.176,1471.981,3JD7PDJoKB,com.sec.android.app.shealth,f7b0ac0b-d5e7-455d-825a-1010f2b9dd51,1650585600000,
,,ff1c3b1e-c70b-418a-a8f0-65e2a2d1bace.extra_data.json,0.0,4390351,1747.129,2022-04-26 19:40:55.289,2022-04-18 22:00:01.371,381.6703,3JD7PDJoKB,com.sec.android.app.shealth,ff1c3b1e-c70b-418a-a8f0-65e2a2d1bace,1650326400000,
,,621e4208-4032-42b9-9bb1-02088c1e0651.extra_data.json,0.0,7931609,1672.9032,2022-04-26 10:43:19.921,2022-04-22 22:07:00.271,564.99445,3JD7PDJoKB,com.sec.android.app.shealth,621e4208-4032-42b9-9bb1-02088c1e0651,1650672000000,
,,5553f1ac-16bc-412c-aa28-cb2a62756fb1.extra_data.json,0.0,9299247,1642.5503,2022-04-26 19:40:55.266,2022-04-17 22:00:00.668,576.28516,3JD7PDJoKB,com.sec.android.app.shealth,5553f1ac-16bc-412c-aa28-cb2a62756fb1,1650240000000,
,,ad8dca94-c29a-4f14-a0bd-17a5ecc31fb6.extra_data.json,0.0,10177969,1625.012,2022-04-27 08:13:08.774,2022-04-25 22:00:00.539,1234.0928,3JD7PDJoKB,com.sec.android.app.shealth,ad8dca94-c29a-4f14-a0bd-17a5ecc31fb6,1650931200000,
,,f647be5d-df3e-4dbe-a775-b0883ccd3ba0.extra_data.json,0.0,8806848,1654.2435,2022-04-26 10:43:19.943,2022-04-24 22:00:39.275,566.8319,3JD7PDJoKB,com.sec.android.app.shealth,f647be5d-df3e-4dbe-a775-b0883ccd3ba0,1650844800000,
,,56768e18-3b83-4ba6-8ca2-b4ee5bea30b1.extra_data.json,0.0,7636261,1670.6506,2022-04-29 00:38:06.712,2022-04-27 22:00:00.509,512.9329,3JD7PDJoKB,com.sec.android.app.shealth,56768e18-3b83-4ba6-8ca2-b4ee5bea30b1,1651104000000,
,,ba92e661-da64-4e16-b189-7dadea136214.extra_data.json,0.0,2328414,1792.3601,2022-04-26 19:40:55.413,2022-04-20 22:00:02.918,154.25005,3JD7PDJoKB,com.sec.android.app.shealth,ba92e661-da64-4e16-b189-7dadea136214,1650499200000,
,,8d5a04d3-5fbc-4799-a530-811f33175932.extra_data.json,0.0,10801954,1603.5035,2022-04-30 00:41:53.902,2022-04-28 22:00:01.745,1293.449,3JD7PDJoKB,com.sec.android.app.shealth,8d5a04d3-5fbc-4799-a530-811f33175932,1651190400000,
,,e2811273-9a2b-47ea-983c-3f3473ae1411.extra_data.json,0.0,10455026,1610.8622,2022-05-02 23:21:57.423,2022-05-01 22:09:48.365,1286.9459,3JD7PDJoKB,com.sec.android.app.shealth,e2811273-9a2b-47ea-983c-3f3473ae1411,1651449600000,
,,cb771686-7010-4d78-a3a3-03e27ed03bc3.extra_data.json,0.0,4926635,1728.1244,2022-05-02 15:53:43.101,2022-04-30 22:00:01.933,405.44803,3JD7PDJoKB,com.sec.android.app.shealth,cb771686-7010-4d78-a3a3-03e27ed03bc3,1651363200000,
,,b5a4f44c-ea49-4295-84db-2798b2adf14d.extra_data.json,0.0,11135036,1604.6078,2022-04-26 10:43:19.932,2022-04-23 22:00:00.644,850.56714,3JD7PDJoKB,com.sec.android.app.shealth,b5a4f44c-ea49-4295-84db-2798b2adf14d,1650758400000,
,,e3f6ad5a-437c-49e5-b835-d665c91908ae.extra_data.json,0.0,4911051,1728.455,2022-05-08 23:09:46.047,2022-05-07 22:01:18.744,357.62506,3JD7PDJoKB,com.sec.android.app.shealth,e3f6ad5a-437c-49e5-b835-d665c91908ae,1651968000000,
,,70f374f4-3619-4e8b-8e67-06dd937ea796.extra_data.json,0.0,8432656,1653.7584,2022-04-29 00:38:06.683,2022-04-26 22:44:58.095,546.4886,3JD7PDJoKB,com.sec.android.app.shealth,70f374f4-3619-4e8b-8e67-06dd937ea796,1651017600000,
,,23537439-0a30-4667-a52f-af73faa99809.extra_data.json,0.0,5661564,1712.5358,2022-05-04 22:00:01.325,2022-05-03 22:00:01.268,458.36993,3JD7PDJoKB,com.sec.android.app.shealth,23537439-0a30-4667-a52f-af73faa99809,1651622400000,
,,67dc966c-9803-43a3-9bc9-1ee5d851df3c.extra_data.json,0.0,9524196,1630.606,2022-05-07 23:37:25.677,2022-05-06 22:00:01.864,607.37823,3JD7PDJoKB,com.sec.android.app.shealth,67dc966c-9803-43a3-9bc9-1ee5d851df3c,1651881600000,
,,481c7d47-eefe-47b6-a54c-8377c05b3d5a.extra_data.json,0.0,8574217,1650.7559,2022-05-04 07:55:23.918,2022-05-02 22:07:56.837,584.73413,3JD7PDJoKB,com.sec.android.app.shealth,481c7d47-eefe-47b6-a54c-8377c05b3d5a,1651536000000,
,,4043cdf3-26e8-4ced-8ed0-33b966fa4590.extra_data.json,0.0,13337108,1573.5216,2022-05-10 22:00:01.470,2022-05-09 22:06:20.081,1661.804,3JD7PDJoKB,com.sec.android.app.shealth,4043cdf3-26e8-4ced-8ed0-33b966fa4590,1652140800000,
,,2f8212b6-d58b-4876-91ee-135fc8207e45.extra_data.json,0.0,6358137,1697.7609,2022-05-05 23:50:41.692,2022-05-04 22:00:01.137,399.10522,3JD7PDJoKB,com.sec.android.app.shealth,2f8212b6-d58b-4876-91ee-135fc8207e45,1651708800000,
,,1ceb140f-baa9-4079-a48c-7c74c793ed58.extra_data.json,0.0,4381652,1739.684,2022-05-01 00:18:18.998,2022-04-29 22:07:27.067,272.37067,3JD7PDJoKB,com.sec.android.app.shealth,1ceb140f-baa9-4079-a48c-7c74c793ed58,1651276800000,
,,7279695c-3e46-4628-8e8c-41bc5d553588.extra_data.json,0.0,297482,1854.3499,2022-05-16 22:00:01.501,2022-05-15 22:14:11.154,18.680004,3JD7PDJoKB,com.sec.android.app.shealth,7279695c-3e46-4628-8e8c-41bc5d553588,1652659200000,
,,01d3fe24-3743-4a94-84fb-a313a42d854f.extra_data.json,0.0,3192212,1792.0074,2022-05-14 00:48:41.334,2022-05-12 22:00:00.486,250.76978,3JD7PDJoKB,com.sec.android.app.shealth,01d3fe24-3743-4a94-84fb-a313a42d854f,1652400000000,
,,1b8ac1f1-8e40-4d7c-9e22-2d4229ddb7b6.extra_data.json,0.0,402201,1852.0946,2022-05-14 22:04:45.073,2022-05-13 22:00:01.470,25.500216,3JD7PDJoKB,com.sec.android.app.shealth,1b8ac1f1-8e40-4d7c-9e22-2d4229ddb7b6,1652486400000,
,,b7b99233-9607-4bcb-acda-9d2f4faa573f.extra_data.json,0.0,7566409,1697.8024,2022-05-23 08:26:11.801,2022-05-21 22:00:00.509,480.36975,3JD7PDJoKB,com.sec.android.app.shealth,b7b99233-9607-4bcb-acda-9d2f4faa573f,1653177600000,
,,db326359-6a06-4c4a-bc26-a39ea2703acb.extra_data.json,0.0,13023888,1556.3743,2022-05-06 22:16:24.376,2022-05-05 22:00:00.563,1451.8986,3JD7PDJoKB,com.sec.android.app.shealth,db326359-6a06-4c4a-bc26-a39ea2703acb,1651795200000,
,,ab420737-6138-4ab4-9aae-f242854f417d.extra_data.json,0.0,1071727,1837.6753,2022-05-19 22:43:02.438,2022-05-18 22:00:00.695,70.10002,3JD7PDJoKB,com.sec.android.app.shealth,ab420737-6138-4ab4-9aae-f242854f417d,1652918400000,
,,0bed5116-7f4d-4f6b-8792-670f2d0be6f8.extra_data.json,0.0,6608689,1718.4283,2022-05-10 06:54:01.298,2022-05-08 22:51:15.498,420.77307,3JD7PDJoKB,com.sec.android.app.shealth,0bed5116-7f4d-4f6b-8792-670f2d0be6f8,1652054400000,
,,122a84b4-c587-4419-b802-5cb78b4465a5.extra_data.json,0.0,2224318,1812.8524,2022-05-11 22:15:17.320,2022-05-10 22:00:01.132,150.51152,3JD7PDJoKB,com.sec.android.app.shealth,122a84b4-c587-4419-b802-5cb78b4465a5,1652227200000,
,,883df9d9-b7db-42b5-aa1b-bec1e60f4ff9.extra_data.json,0.0,12285027,1596.1797,2022-05-21 07:36:14.112,2022-05-19 22:00:01.378,1521.2098,3JD7PDJoKB,com.sec.android.app.shealth,883df9d9-b7db-42b5-aa1b-bec1e60f4ff9,1653004800000,
,,3433f46f-d47b-4581-bfa5-06377e84bc96.extra_data.json,0.0,19407881,1442.7781,2022-05-28 22:51:36.080,2022-05-27 22:17:56.928,1966.9888,3JD7PDJoKB,com.sec.android.app.shealth,3433f46f-d47b-4581-bfa5-06377e84bc96,1653696000000,
,,ceddf376-4188-4b9c-be9d-dbab44573e27.extra_data.json,0.0,8201022,1684.1349,2022-05-25 22:07:22.659,2022-05-24 22:00:00.517,518.0736,3JD7PDJoKB,com.sec.android.app.shealth,ceddf376-4188-4b9c-be9d-dbab44573e27,1653436800000,
,,56883caa-f491-4965-beba-5ab0e5fe3179.extra_data.json,0.0,382191,1852.5255,2022-05-15 22:14:11.301,2022-05-14 22:04:44.656,24.160002,3JD7PDJoKB,com.sec.android.app.shealth,56883caa-f491-4965-beba-5ab0e5fe3179,1652572800000,
,,3684ce21-42fb-40a9-9195-fc0850ccaab7.extra_data.json,0.0,161414,1857.2803,2022-05-17 22:00:01.022,2022-05-16 22:00:01.302,10.17,3JD7PDJoKB,com.sec.android.app.shealth,3684ce21-42fb-40a9-9195-fc0850ccaab7,1652745600000,
,,1818ea38-54b2-4913-b6d4-b59f98e862a7.extra_data.json,0.0,286409,1854.5884,2022-05-12 22:00:00.635,2022-05-11 22:00:00.448,18.330002,3JD7PDJoKB,com.sec.android.app.shealth,1818ea38-54b2-4913-b6d4-b59f98e862a7,1652313600000,
,,94c5c06f-87ec-48f3-ae8b-8cba9f0133e8.extra_data.json,0.0,7187862,1705.9548,2022-05-26 22:00:02.214,2022-05-25 22:00:02.035,453.28326,3JD7PDJoKB,com.sec.android.app.shealth,94c5c06f-87ec-48f3-ae8b-8cba9f0133e8,1653523200000,
,,a62a744b-f2f7-472f-b5c8-c0f1ffcd5a77.extra_data.json,0.0,573620,1848.4028,2022-06-01 03:12:35.303,2022-05-30 22:00:00.565,34.059353,3JD7PDJoKB,com.sec.android.app.shealth,a62a744b-f2f7-472f-b5c8-c0f1ffcd5a77,1653955200000,
,,c0db0f4b-ec78-4b15-ae46-2f03dbe80af5.extra_data.json,0.0,5443069,1719.6809,2022-06-03 23:33:04.796,2022-06-02 22:00:02.934,320.68433,3JD7PDJoKB,com.sec.android.app.shealth,c0db0f4b-ec78-4b15-ae46-2f03dbe80af5,1654214400000,
,,877c95ee-4f80-4e24-8359-cf3b60fae32d.extra_data.json,0.0,9784387,1650.0348,2022-05-24 00:18:45.387,2022-05-22 22:00:01.311,1175.9159,3JD7PDJoKB,com.sec.android.app.shealth,877c95ee-4f80-4e24-8359-cf3b60fae32d,1653264000000,
,,ab5ef012-76b1-465a-8f56-d63586c21e8d.extra_data.json,0.0,1559843,1802.1682,2022-06-06 22:00:02.111,2022-06-05 22:00:00.583,100.049965,3JD7PDJoKB,com.sec.android.app.shealth,ab5ef012-76b1-465a-8f56-d63586c21e8d,1654473600000,
,,c797f72c-a46b-4b23-b6e7-b8ef7ed50888.extra_data.json,0.0,5274759,1747.1565,2022-05-21 23:22:03.682,2022-05-20 22:48:26.490,376.12646,3JD7PDJoKB,com.sec.android.app.shealth,c797f72c-a46b-4b23-b6e7-b8ef7ed50888,1653091200000,
,,3a23d5fa-991c-4ba4-adee-3baa5732e348.extra_data.json,0.0,4058932,1749.0828,2022-06-02 04:07:36.555,2022-05-31 22:00:01.491,298.08228,3JD7PDJoKB,com.sec.android.app.shealth,3a23d5fa-991c-4ba4-adee-3baa5732e348,1654041600000,
,,5bb450cd-b150-4de5-8ddb-d95c58119d44.extra_data.json,0.0,10421817,1636.3068,2022-05-30 02:14:35.120,2022-05-28 22:51:36.096,640.78564,3JD7PDJoKB,com.sec.android.app.shealth,5bb450cd-b150-4de5-8ddb-d95c58119d44,1653782400000,
,,b20db992-1c20-4187-91bf-e84a28181a58.extra_data.json,0.0,783723,1843.8779,2022-05-18 22:00:00.783,2022-05-17 22:00:00.932,50.220367,3JD7PDJoKB,com.sec.android.app.shealth,b20db992-1c20-4187-91bf-e84a28181a58,1652832000000,
,,a21463b1-d35a-4285-99a1-d10d6cedd5ba.extra_data.json,0.0,9171153,1640.4893,2022-06-09 22:14:16.164,2022-06-08 22:04:01.778,593.56696,3JD7PDJoKB,com.sec.android.app.shealth,a21463b1-d35a-4285-99a1-d10d6cedd5ba,1654732800000,
,,8e2a18f3-5733-4b36-bef0-dad9abc91aa9.extra_data.json,0.0,5831279,1711.4346,2022-06-07 22:57:20.309,2022-06-06 22:00:02.020,341.8796,3JD7PDJoKB,com.sec.android.app.shealth,8e2a18f3-5733-4b36-bef0-dad9abc91aa9,1654560000000,
,,6525fb17-c05c-4c15-874c-a15114f9a47f.extra_data.json,0.0,5304526,1722.6238,2022-06-13 22:00:01.274,2022-06-12 22:00:00.665,319.6314,3JD7PDJoKB,com.sec.android.app.shealth,6525fb17-c05c-4c15-874c-a15114f9a47f,1655078400000,
,,f627994b-921a-4a78-a22d-54b2eee97ac3.extra_data.json,0.0,15632350,1524.0898,2022-05-27 23:58:34.186,2022-05-26 22:00:02.030,1637.4691,3JD7PDJoKB,com.sec.android.app.shealth,f627994b-921a-4a78-a22d-54b2eee97ac3,1653609600000,
,,ac4f7240-3067-4a88-8749-9dba3fa09ad9.extra_data.json,0.0,881373,1816.5801,2022-06-15 22:00:00.848,2022-06-14 22:00:00.629,51.680283,3JD7PDJoKB,com.sec.android.app.shealth,ac4f7240-3067-4a88-8749-9dba3fa09ad9,1655251200000,
,,7822c0c1-caab-4c44-a99c-953e368d5c14.extra_data.json,0.0,7204643,1682.2618,2022-06-12 22:12:09.692,2022-06-11 22:00:02.017,436.50046,3JD7PDJoKB,com.sec.android.app.shealth,7822c0c1-caab-4c44-a99c-953e368d5c14,1654992000000,
,,d583b3c6-022a-44de-9470-fe76848437a1.extra_data.json,0.0,6369364,1723.5826,2022-05-25 00:44:42.004,2022-05-23 22:00:01.325,407.95132,3JD7PDJoKB,com.sec.android.app.shealth,d583b3c6-022a-44de-9470-fe76848437a1,1653350400000,
,,6a513d54-c36f-4a84-96cc-ef47b8a4273c.extra_data.json,0.0,6108693,1705.5417,2022-06-19 22:00:01.590,2022-06-18 22:00:00.968,355.43756,3JD7PDJoKB,com.sec.android.app.shealth,6a513d54-c36f-4a84-96cc-ef47b8a4273c,1655596800000,
,,f174d401-7c39-4763-94e3-71e4ae9ea545.extra_data.json,0.0,9183999,1640.2164,2022-06-04 22:15:23.114,2022-06-03 22:00:01.016,605.6648,3JD7PDJoKB,com.sec.android.app.shealth,f174d401-7c39-4763-94e3-71e4ae9ea545,1654300800000,
,,cebb570e-efdc-40b7-9d24-8e26d6bbd8c1.extra_data.json,0.0,7457217,1676.8966,2022-06-21 22:00:01.094,2022-06-20 22:00:01.845,435.29428,3JD7PDJoKB,com.sec.android.app.shealth,cebb570e-efdc-40b7-9d24-8e26d6bbd8c1,1655769600000,
,,aca44087-8a8e-4f81-92ce-eafd5e3caf85.extra_data.json,0.0,11454388,1591.989,2022-06-19 01:30:43.819,2022-06-17 22:00:00.990,762.694,3JD7PDJoKB,com.sec.android.app.shealth,aca44087-8a8e-4f81-92ce-eafd5e3caf85,1655510400000,
,,e3702de5-ba2b-4d29-89b7-cdb20496053e.extra_data.json,0.0,6096627,1705.7982,2022-06-03 04:10:42.433,2022-06-01 22:00:00.679,351.29773,3JD7PDJoKB,com.sec.android.app.shealth,e3702de5-ba2b-4d29-89b7-cdb20496053e,1654128000000,
,,b3bd4e91-63ca-4fc2-88e0-fb5120c989b1.extra_data.json,0.0,8135228,1685.5519,2022-05-31 02:34:22.374,2022-05-29 22:00:00.917,573.70825,3JD7PDJoKB,com.sec.android.app.shealth,b3bd4e91-63ca-4fc2-88e0-fb5120c989b1,1653868800000,
,,cf1012e8-d0f4-4a03-b250-fc3a5777e0d8.extra_data.json,0.0,9155617,1640.8193,2022-06-11 09:58:12.124,2022-06-09 22:00:05.582,1291.6,3JD7PDJoKB,com.sec.android.app.shealth,cf1012e8-d0f4-4a03-b250-fc3a5777e0d8,1654819200000,
,,1bfa8726-435b-4b3a-82d3-98a880ea9033.extra_data.json,0.0,8294875,1659.1031,2022-06-24 22:07:53.197,2022-06-23 22:00:00.619,496.59528,3JD7PDJoKB,com.sec.android.app.shealth,1bfa8726-435b-4b3a-82d3-98a880ea9033,1656028800000,
,,cb30e730-163d-4dcd-b24b-32b20723a8f4.extra_data.json,0.0,10059077,1621.6279,2022-06-08 22:04:04.149,2022-06-07 22:00:01.204,1345.9353,3JD7PDJoKB,com.sec.android.app.shealth,cb30e730-163d-4dcd-b24b-32b20723a8f4,1654646400000,
,,b2e49d8c-31d7-4471-bab0-4ff30b0a1aae.extra_data.json,0.0,60030,1228.8779,2022-06-25 14:05:11.568,2022-06-24 22:00:00.778,3.6299999,3JD7PDJoKB,com.sec.android.app.shealth,b2e49d8c-31d7-4471-bab0-4ff30b0a1aae,1656115200000,
,,8fa2d7ab-b423-4257-b67b-15557ff58f06.extra_data.json,0.0,7475083,1676.5171,2022-06-14 22:00:01.082,2022-06-13 22:00:00.766,1023.93286,3JD7PDJoKB,com.sec.android.app.shealth,8fa2d7ab-b423-4257-b67b-15557ff58f06,1655164800000,
,,c2bebc18-a1a9-41fd-b183-c202b52d1cb6.extra_data.json,0.0,9674091,1629.8059,2022-06-06 06:01:00.138,2022-06-04 22:00:01.440,632.261,3JD7PDJoKB,com.sec.android.app.shealth,c2bebc18-a1a9-41fd-b183-c202b52d1cb6,1654387200000,
,,cf622600-8bef-4e36-add4-3639bf13496e.extra_data.json,0.0,7570977,1674.4801,2022-06-16 22:00:01.184,2022-06-15 22:00:00.624,440.01245,3JD7PDJoKB,com.sec.android.app.shealth,cf622600-8bef-4e36-add4-3639bf13496e,1655337600000,
,,08100a2f-d7cd-4b39-822d-afbf2162bfef.extra_data.json,0.0,4492983,1739.8625,2022-06-11 22:30:25.120,2022-06-10 22:00:00.682,283.12915,3JD7PDJoKB,com.sec.android.app.shealth,08100a2f-d7cd-4b39-822d-afbf2162bfef,1654905600000,
,,15033a77-5dfc-44d7-9a00-c6ed2e355383.extra_data.json,0.0,7407144,1677.9602,2022-06-20 22:00:01.984,2022-06-19 22:00:00.800,435.4946,3JD7PDJoKB,com.sec.android.app.shealth,15033a77-5dfc-44d7-9a00-c6ed2e355383,1655683200000,
,,bbe0abd8-7c11-4f9a-9bcf-81737d9f1060.extra_data.json,0.0,14405376,1529.3043,2022-06-22 22:00:01.884,2022-06-21 22:00:00.838,1456.0084,3JD7PDJoKB,com.sec.android.app.shealth,bbe0abd8-7c11-4f9a-9bcf-81737d9f1060,1655856000000,
,,febea7a2-6901-400c-8470-76c78d59e625.extra_data.json,0.0,15305873,1510.176,2022-06-17 23:09:21.248,2022-06-16 22:00:00.717,1694.3302,3JD7PDJoKB,com.sec.android.app.shealth,febea7a2-6901-400c-8470-76c78d59e625,1655424000000,
,,26a68ea6-5439-4a5c-b14c-d0675ad187b9.extra_data.json,0.0,6069428,1706.376,2022-06-23 22:00:00.993,2022-06-22 22:00:00.898,354.3165,3JD7PDJoKB,com.sec.android.app.shealth,26a68ea6-5439-4a5c-b14c-d0675ad187b9,1655942400000,
